Date,HospitalCode,ICD10_A00_B99,ICD10_C00_D48,ICD10_D50_D89,ICD10_E00_E90,ICD10_F00_F99,ICD10_G00_G99,ICD10_H00_H59,ICD10_H60_H95,ICD10_I00_I99,ICD10_J00_J99,ICD10_K00_K93,ICD10_L00_L99,ICD10_M00_M99,ICD10_N00_N99,ICD10_O00_O99,ICD10_P00_P96,ICD10_Q00_Q99,ICD10_R00_R99,ICD10_S00_T98,ICD10_U00_U85,ICD10_Z00_Z99,TotalAdmissions
2024-03-31,8A718,0.0,10.0,0.0,0.0,,50.0,0.0,0.0,0.0,0.0,0.0,0.0,0.0,0.0,0.0,0.0,0.0,310.0,0.0,0.0,0.0,370.0
2024-03-31,A0C5S,0.0,0.0,0.0,0.0,0.0,0.0,2385.0,0.0,0.0,0.0,0.0,0.0,0.0,0.0,0.0,0.0,,0.0,0.0,0.0,,2385.0
2024-03-31,A1S9E,0.0,0.0,0.0,0.0,0.0,0.0,835.0,0.0,0.0,0.0,0.0,0.0,0.0,0.0,0.0,0.0,0.0,0.0,0.0,0.0,0.0,835.0
2024-03-31,A4M8P,105.0,210.0,45.0,10.0,,40.0,0.0,40.0,155.0,170.0,2445.0,230.0,210.0,990.0,0.0,0.0,,820.0,15.0,0.0,200.0,5685.0
2024-03-31,A4Q9X,0.0,0.0,0.0,0.0,0.0,0.0,235.0,0.0,,0.0,0.0,0.0,0.0,0.0,0.0,0.0,0.0,0.0,0.0,0.0,0.0,235.0
2024-03-31,A9R4J,0.0,0.0,0.0,0.0,0.0,0.0,0.0,0.0,0.0,0.0,0.0,0.0,0.0,0.0,0.0,0.0,0.0,150.0,0.0,0.0,0.0,150.0
2024-03-31,AAH01,0.0,100.0,0.0,,0.0,40.0,1320.0,0.0,0.0,,465.0,70.0,270.0,90.0,,0.0,,55.0,,0.0,25.0,2435.0
2024-03-31,AAV02,0.0,0.0,0.0,0.0,0.0,0.0,11175.0,0.0,0.0,0.0,0.0,0.0,0.0,0.0,0.0,0.0,0.0,0.0,0.0,0.0,0.0,11175.0
2024-03-31,ACG07,0.0,0.0,0.0,0.0,0.0,0.0,2140.0,0.0,0.0,0.0,0.0,0.0,0.0,0.0,0.0,0.0,0.0,0.0,0.0,0.0,0.0,2140.0
2024-03-31,ACG12,0.0,0.0,0.0,0.0,0.0,0.0,3265.0,0.0,0.0,0.0,0.0,0.0,0.0,0.0,0.0,0.0,0.0,0.0,0.0,0.0,0.0,3265.0
2024-03-31,ACG13,0.0,0.0,0.0,0.0,0.0,0.0,555.0,0.0,0.0,0.0,0.0,0.0,0.0,0.0,0.0,0.0,0.0,0.0,0.0,0.0,0.0,555.0
2024-03-31,ACG19,0.0,0.0,0.0,0.0,0.0,0.0,3570.0,0.0,0.0,0.0,0.0,0.0,0.0,0.0,0.0,0.0,0.0,0.0,0.0,0.0,0.0,3570.0
2024-03-31,ACG20,0.0,0.0,0.0,0.0,0.0,0.0,1275.0,0.0,0.0,0.0,0.0,0.0,0.0,0.0,0.0,0.0,0.0,0.0,0.0,0.0,0.0,1275.0
2024-03-31,ACG22,0.0,0.0,0.0,0.0,0.0,0.0,2815.0,0.0,0.0,0.0,0.0,0.0,0.0,0.0,0.0,0.0,0.0,0.0,0.0,0.0,0.0,2815.0
2024-03-31,ACG24,,,0.0,,0.0,0.0,5535.0,0.0,15.0,,0.0,0.0,0.0,0.0,0.0,0.0,0.0,0.0,0.0,0.0,,5550.0
2024-03-31,ACG26,0.0,0.0,0.0,0.0,0.0,0.0,5765.0,0.0,0.0,0.0,0.0,0.0,0.0,0.0,0.0,0.0,0.0,0.0,0.0,0.0,0.0,5765.0
2024-03-31,ACG31,0.0,,0.0,0.0,0.0,0.0,5725.0,0.0,,0.0,0.0,0.0,,0.0,0.0,0.0,,0.0,,0.0,0.0,5725.0
2024-03-31,ACG36,0.0,0.0,0.0,0.0,0.0,0.0,2255.0,0.0,0.0,0.0,0.0,0.0,0.0,0.0,0.0,0.0,0.0,0.0,0.0,0.0,0.0,2255.0
2024-03-31,ACG37,0.0,15.0,0.0,,0.0,,5860.0,,,,,0.0,,0.0,0.0,0.0,945.0,0.0,0.0,0.0,0.0,6820.0
2024-03-31,ACG38,0.0,0.0,0.0,0.0,0.0,0.0,,0.0,0.0,0.0,0.0,0.0,0.0,0.0,0.0,0.0,0.0,0.0,0.0,0.0,0.0,0.0
2024-03-31,ACG39,0.0,0.0,0.0,0.0,0.0,0.0,10.0,0.0,0.0,0.0,0.0,0.0,0.0,0.0,0.0,0.0,0.0,0.0,0.0,0.0,0.0,10.0
2024-03-31,ACG40,0.0,0.0,0.0,0.0,0.0,0.0,1090.0,0.0,0.0,0.0,0.0,0.0,0.0,0.0,0.0,0.0,0.0,0.0,0.0,0.0,0.0,1090.0
2024-03-31,ACG41,0.0,0.0,0.0,0.0,0.0,0.0,520.0,0.0,0.0,0.0,0.0,0.0,0.0,0.0,0.0,0.0,0.0,0.0,0.0,0.0,0.0,520.0
2024-03-31,ADP02,0.0,70.0,40.0,0.0,0.0,125.0,35.0,0.0,,0.0,375.0,40.0,2055.0,190.0,0.0,0.0,,25.0,15.0,0.0,45.0,3015.0
2024-03-31,AVQ01,,,0.0,0.0,0.0,,0.0,0.0,0.0,0.0,165.0,,880.0,130.0,0.0,0.0,0.0,25.0,15.0,0.0,30.0,1245.0
2024-03-31,AVQ03,0.0,,0.0,0.0,0.0,40.0,0.0,0.0,0.0,0.0,85.0,0.0,365.0,10.0,0.0,0.0,0.0,,,0.0,,500.0
2024-03-31,AXG01,,,0.0,,,,0.0,0.0,160.0,15.0,,,20.0,10.0,0.0,0.0,0.0,60.0,70.0,,0.0,335.0
2024-03-31,AXG02,10.0,,,,,,0.0,0.0,25.0,20.0,15.0,,35.0,10.0,0.0,0.0,0.0,55.0,125.0,10.0,0.0,305.0
2024-03-31,AXG03,10.0,,,,,,0.0,0.0,15.0,15.0,10.0,,20.0,,0.0,0.0,0.0,75.0,75.0,,,220.0
2024-03-31,B1A5K,0.0,0.0,0.0,0.0,0.0,0.0,910.0,,,0.0,0.0,0.0,,0.0,0.0,0.0,70.0,0.0,0.0,0.0,0.0,980.0
2024-03-31,B3M1X,0.0,65.0,,0.0,0.0,75.0,50.0,10.0,0.0,65.0,545.0,45.0,1685.0,170.0,0.0,0.0,,60.0,25.0,0.0,35.0,2830.0
2024-03-31,B4N1U,0.0,0.0,0.0,0.0,0.0,0.0,7085.0,0.0,0.0,0.0,0.0,0.0,0.0,0.0,0.0,0.0,75.0,0.0,,0.0,15.0,7175.0
2024-03-31,B5M7B,0.0,0.0,0.0,0.0,0.0,0.0,5335.0,0.0,0.0,0.0,0.0,0.0,0.0,0.0,0.0,0.0,0.0,0.0,0.0,0.0,0.0,5335.0
2024-03-31,B6Z0N,0.0,0.0,0.0,0.0,0.0,0.0,1695.0,0.0,0.0,0.0,0.0,0.0,0.0,0.0,0.0,0.0,0.0,0.0,0.0,0.0,0.0,1695.0
2024-03-31,B7B7Y,0.0,0.0,0.0,0.0,0.0,0.0,15.0,0.0,0.0,0.0,0.0,0.0,0.0,0.0,0.0,0.0,0.0,0.0,0.0,0.0,0.0,15.0
2024-03-31,B9J4U,0.0,0.0,0.0,0.0,0.0,0.0,4445.0,0.0,0.0,0.0,0.0,0.0,0.0,0.0,0.0,0.0,50.0,0.0,0.0,0.0,,4495.0
2024-03-31,B9M3W,0.0,0.0,0.0,0.0,0.0,0.0,5670.0,0.0,0.0,0.0,0.0,0.0,0.0,0.0,0.0,0.0,135.0,0.0,15.0,0.0,15.0,5835.0
2024-03-31,C3Y0A,0.0,0.0,0.0,0.0,0.0,0.0,715.0,0.0,0.0,0.0,0.0,0.0,0.0,0.0,0.0,0.0,10.0,0.0,0.0,0.0,0.0,725.0
2024-03-31,C5P5G,0.0,0.0,0.0,0.0,0.0,0.0,120.0,0.0,0.0,0.0,0.0,0.0,0.0,0.0,0.0,0.0,0.0,0.0,0.0,0.0,0.0,120.0
2024-03-31,D3O0Z,0.0,0.0,0.0,0.0,0.0,0.0,3715.0,0.0,0.0,0.0,0.0,0.0,0.0,0.0,0.0,0.0,0.0,0.0,0.0,0.0,0.0,3715.0
2024-03-31,D4C7Z,0.0,0.0,0.0,0.0,0.0,0.0,0.0,0.0,0.0,,0.0,0.0,0.0,0.0,0.0,0.0,0.0,0.0,0.0,0.0,0.0,0.0
2024-03-31,D5P5H,0.0,0.0,0.0,0.0,0.0,0.0,1470.0,0.0,0.0,0.0,0.0,0.0,0.0,0.0,0.0,0.0,95.0,0.0,0.0,0.0,0.0,1565.0
2024-03-31,D7D7J,0.0,0.0,0.0,0.0,0.0,0.0,2265.0,0.0,0.0,0.0,0.0,0.0,0.0,0.0,0.0,0.0,0.0,0.0,0.0,0.0,0.0,2265.0
2024-03-31,D9E5L,0.0,0.0,0.0,0.0,0.0,0.0,2960.0,0.0,0.0,0.0,0.0,0.0,0.0,0.0,0.0,0.0,0.0,0.0,0.0,0.0,0.0,2960.0
2024-03-31,DFQ01,0.0,20.0,0.0,0.0,0.0,530.0,1510.0,0.0,0.0,0.0,150.0,0.0,45.0,0.0,0.0,0.0,0.0,60.0,0.0,0.0,0.0,2315.0
2024-03-31,DLY01,0.0,0.0,0.0,0.0,0.0,0.0,0.0,0.0,0.0,0.0,0.0,0.0,10.0,0.0,0.0,0.0,0.0,0.0,0.0,0.0,0.0,10.0
2024-03-31,DM801,0.0,0.0,0.0,0.0,0.0,0.0,0.0,0.0,0.0,0.0,0.0,0.0,,40.0,0.0,0.0,0.0,,200.0,0.0,125.0,365.0
2024-03-31,DPK01,0.0,,0.0,0.0,0.0,0.0,1715.0,0.0,0.0,0.0,0.0,,0.0,0.0,0.0,0.0,,0.0,0.0,0.0,,1715.0
2024-03-31,DX101,0.0,,0.0,0.0,0.0,0.0,0.0,0.0,0.0,0.0,440.0,0.0,95.0,0.0,0.0,0.0,0.0,20.0,,0.0,0.0,555.0
2024-03-31,E1U4T,0.0,0.0,0.0,0.0,0.0,0.0,795.0,0.0,0.0,0.0,0.0,0.0,0.0,0.0,0.0,0.0,0.0,0.0,0.0,0.0,,795.0
2024-03-31,E3D4A,0.0,0.0,0.0,0.0,0.0,0.0,2685.0,0.0,0.0,0.0,0.0,0.0,0.0,0.0,0.0,0.0,15.0,0.0,,0.0,,2700.0
2024-03-31,E4K5T,0.0,0.0,0.0,0.0,0.0,0.0,4145.0,0.0,0.0,0.0,0.0,0.0,0.0,0.0,0.0,0.0,0.0,0.0,0.0,0.0,0.0,4145.0
2024-03-31,ENGLAND,405751.0,2370133.0,446251.0,372961.0,140611.0,387928.0,1038671.0,73789.0,993424.0,1054030.0,2345848.0,399877.0,1185879.0,908713.0,1273807.0,237697.0,97617.0,1907326.0,968767.0,50570.0,900478.0,17560128.0
2024-03-31,F9Z4V,,25.0,,0.0,0.0,150.0,240.0,0.0,,25.0,465.0,20.0,1985.0,105.0,0.0,0.0,,110.0,40.0,0.0,10.0,3175.0
2024-03-31,G1G4T,0.0,0.0,0.0,0.0,0.0,0.0,115.0,0.0,0.0,0.0,0.0,0.0,0.0,0.0,0.0,0.0,0.0,0.0,0.0,0.0,0.0,115.0
2024-03-31,G3E7R,0.0,0.0,0.0,0.0,0.0,0.0,3735.0,0.0,0.0,0.0,0.0,0.0,0.0,0.0,0.0,0.0,0.0,0.0,0.0,0.0,0.0,3735.0
2024-03-31,G3O5P,0.0,0.0,0.0,0.0,0.0,0.0,4160.0,0.0,0.0,0.0,0.0,0.0,0.0,0.0,0.0,0.0,205.0,0.0,0.0,0.0,15.0,4380.0
2024-03-31,G3Q3Z,0.0,70.0,,,,25.0,0.0,10.0,,100.0,210.0,80.0,350.0,0.0,0.0,0.0,,20.0,,0.0,,865.0
2024-03-31,G3Z1Q,,60.0,,,0.0,130.0,960.0,10.0,15.0,85.0,740.0,30.0,2420.0,260.0,0.0,0.0,10.0,480.0,25.0,0.0,40.0,5265.0
2024-03-31,G5X2Q,0.0,0.0,0.0,0.0,0.0,0.0,750.0,0.0,0.0,0.0,0.0,0.0,0.0,0.0,0.0,0.0,,0.0,,0.0,0.0,750.0
2024-03-31,H4I8B,0.0,120.0,0.0,45.0,0.0,115.0,220.0,35.0,,175.0,240.0,145.0,2995.0,,0.0,0.0,,70.0,10.0,0.0,,4170.0
2024-03-31,H4J9P,0.0,0.0,0.0,0.0,0.0,0.0,4645.0,0.0,0.0,0.0,0.0,0.0,0.0,0.0,0.0,0.0,0.0,0.0,0.0,0.0,0.0,4645.0
2024-03-31,H5K0B,0.0,0.0,0.0,0.0,0.0,0.0,3500.0,0.0,0.0,0.0,0.0,0.0,0.0,0.0,0.0,0.0,0.0,0.0,0.0,0.0,0.0,3500.0
2024-03-31,H7X1I,0.0,0.0,0.0,0.0,0.0,0.0,575.0,0.0,0.0,0.0,0.0,0.0,0.0,0.0,0.0,0.0,0.0,0.0,0.0,0.0,0.0,575.0
2024-03-31,I2C7H,0.0,0.0,0.0,0.0,0.0,0.0,4185.0,0.0,0.0,0.0,0.0,0.0,0.0,0.0,0.0,0.0,80.0,0.0,10.0,0.0,15.0,4290.0
2024-03-31,I7G8X,0.0,0.0,0.0,0.0,0.0,0.0,,0.0,0.0,0.0,0.0,0.0,0.0,0.0,0.0,0.0,0.0,0.0,0.0,0.0,0.0,0.0
2024-03-31,I9A4A,0.0,0.0,0.0,0.0,0.0,0.0,4815.0,0.0,0.0,0.0,0.0,0.0,0.0,0.0,0.0,0.0,60.0,0.0,,0.0,,4875.0
2024-03-31,J2H6H,0.0,0.0,0.0,0.0,0.0,0.0,180.0,0.0,0.0,0.0,0.0,0.0,0.0,0.0,0.0,0.0,,0.0,0.0,0.0,0.0,180.0
2024-03-31,J3J8Z,0.0,0.0,0.0,0.0,0.0,0.0,3230.0,0.0,0.0,0.0,0.0,0.0,0.0,0.0,0.0,0.0,0.0,0.0,0.0,0.0,0.0,3230.0
2024-03-31,J7V1N,0.0,0.0,0.0,0.0,0.0,0.0,5645.0,0.0,0.0,0.0,0.0,0.0,0.0,0.0,0.0,0.0,75.0,0.0,,0.0,10.0,5730.0
2024-03-31,K0B8K,0.0,0.0,0.0,0.0,0.0,0.0,145.0,0.0,0.0,0.0,0.0,0.0,0.0,0.0,0.0,0.0,0.0,0.0,0.0,0.0,0.0,145.0
2024-03-31,K6S0J,0.0,0.0,0.0,0.0,0.0,0.0,0.0,0.0,0.0,0.0,0.0,0.0,30.0,0.0,0.0,0.0,0.0,0.0,0.0,0.0,0.0,30.0
2024-03-31,K8I4X,10.0,20.0,,0.0,0.0,25.0,1095.0,0.0,,0.0,875.0,20.0,450.0,45.0,0.0,0.0,,170.0,,0.0,20.0,2730.0
2024-03-31,L0D9W,0.0,0.0,0.0,0.0,0.0,0.0,5695.0,0.0,0.0,0.0,0.0,0.0,0.0,0.0,0.0,0.0,0.0,0.0,0.0,0.0,0.0,5695.0
2024-03-31,L3M9Z,0.0,0.0,0.0,0.0,0.0,0.0,1540.0,0.0,0.0,0.0,0.0,0.0,0.0,0.0,0.0,0.0,0.0,0.0,0.0,0.0,0.0,1540.0
2024-03-31,L4R3R,0.0,,0.0,,0.0,0.0,485.0,,,0.0,0.0,,,0.0,0.0,0.0,40.0,0.0,0.0,0.0,0.0,525.0
2024-03-31,L6O7H,0.0,0.0,0.0,0.0,0.0,0.0,7520.0,0.0,0.0,0.0,0.0,0.0,0.0,0.0,0.0,0.0,60.0,0.0,,0.0,15.0,7595.0
2024-03-31,L9D3Z,0.0,0.0,0.0,0.0,0.0,0.0,4135.0,0.0,0.0,0.0,0.0,0.0,0.0,0.0,0.0,0.0,75.0,0.0,,0.0,,4210.0
2024-03-31,M0N7E,0.0,0.0,0.0,0.0,0.0,0.0,1930.0,0.0,0.0,0.0,0.0,0.0,0.0,0.0,0.0,0.0,20.0,0.0,,0.0,,1950.0
2024-03-31,M1P7A,0.0,0.0,0.0,0.0,0.0,0.0,900.0,0.0,0.0,0.0,0.0,0.0,0.0,0.0,0.0,0.0,0.0,0.0,0.0,0.0,0.0,900.0
2024-03-31,M2O7D,0.0,0.0,0.0,0.0,0.0,0.0,80.0,0.0,0.0,0.0,0.0,0.0,0.0,0.0,0.0,0.0,0.0,0.0,0.0,0.0,0.0,80.0
2024-03-31,M3R0W,0.0,0.0,0.0,0.0,0.0,0.0,3185.0,0.0,0.0,0.0,0.0,0.0,0.0,0.0,0.0,0.0,100.0,0.0,,0.0,10.0,3295.0
2024-03-31,M4C5R,0.0,0.0,0.0,0.0,0.0,0.0,3340.0,0.0,0.0,0.0,0.0,0.0,0.0,0.0,0.0,0.0,0.0,0.0,0.0,0.0,0.0,3340.0
2024-03-31,M5E1S,0.0,0.0,0.0,0.0,0.0,0.0,4800.0,0.0,0.0,0.0,0.0,0.0,0.0,0.0,0.0,0.0,45.0,0.0,,0.0,,4845.0
2024-03-31,M7C9Q,0.0,0.0,0.0,0.0,0.0,0.0,2855.0,0.0,0.0,0.0,0.0,0.0,0.0,0.0,0.0,0.0,45.0,0.0,0.0,0.0,10.0,2910.0
2024-03-31,N1M9Z,0.0,0.0,0.0,0.0,0.0,0.0,15.0,0.0,0.0,0.0,0.0,0.0,0.0,0.0,0.0,0.0,0.0,0.0,0.0,0.0,0.0,15.0
2024-03-31,N4X3H,0.0,0.0,0.0,0.0,0.0,0.0,1625.0,0.0,0.0,0.0,0.0,0.0,0.0,0.0,0.0,0.0,0.0,0.0,0.0,0.0,0.0,1625.0
2024-03-31,NAM01,0.0,0.0,0.0,,,335.0,2525.0,0.0,,0.0,585.0,0.0,,0.0,0.0,0.0,,0.0,0.0,0.0,0.0,3445.0
2024-03-31,NAM11,0.0,0.0,0.0,0.0,0.0,25.0,0.0,0.0,0.0,0.0,40.0,0.0,0.0,0.0,0.0,0.0,0.0,0.0,0.0,0.0,0.0,65.0
2024-03-31,NAX03,,70.0,0.0,0.0,,,0.0,0.0,15.0,15.0,10.0,,10.0,10.0,0.0,0.0,0.0,30.0,55.0,,,215.0
2024-03-31,NCR01,0.0,,0.0,0.0,0.0,0.0,2335.0,0.0,0.0,0.0,0.0,0.0,0.0,0.0,0.0,0.0,0.0,,0.0,0.0,0.0,2335.0
2024-03-31,NDAH9,0.0,0.0,0.0,0.0,0.0,0.0,0.0,0.0,0.0,0.0,0.0,0.0,0.0,0.0,0.0,0.0,0.0,160.0,0.0,0.0,0.0,160.0
2024-03-31,NDAJ0,,0.0,0.0,0.0,0.0,0.0,0.0,0.0,0.0,0.0,0.0,0.0,0.0,0.0,0.0,0.0,0.0,215.0,0.0,0.0,0.0,215.0
2024-03-31,NDAJ1,0.0,0.0,0.0,0.0,0.0,0.0,0.0,0.0,0.0,0.0,0.0,,0.0,0.0,0.0,0.0,0.0,175.0,,0.0,30.0,205.0
2024-03-31,NDAJ2,0.0,0.0,0.0,0.0,0.0,0.0,0.0,0.0,0.0,0.0,0.0,0.0,0.0,0.0,0.0,0.0,0.0,195.0,0.0,0.0,0.0,195.0
2024-03-31,NEQ01,,200.0,220.0,,,50.0,695.0,120.0,0.0,175.0,1605.0,35.0,280.0,470.0,,,10.0,1025.0,,0.0,790.0,5675.0
2024-03-31,NEY01,0.0,0.0,0.0,0.0,0.0,,0.0,0.0,0.0,0.0,0.0,0.0,70.0,0.0,0.0,0.0,0.0,0.0,0.0,0.0,0.0,70.0
2024-03-31,NEY05,,35.0,,0.0,0.0,10.0,0.0,0.0,0.0,0.0,105.0,10.0,20.0,20.0,0.0,0.0,0.0,15.0,0.0,0.0,45.0,260.0
2024-03-31,NFH01,0.0,,0.0,0.0,0.0,0.0,0.0,0.0,0.0,0.0,,0.0,0.0,0.0,0.0,0.0,0.0,,,0.0,0.0,0.0
2024-03-31,NHW01,0.0,0.0,0.0,0.0,0.0,0.0,0.0,0.0,0.0,0.0,0.0,0.0,100.0,0.0,0.0,0.0,0.0,0.0,,0.0,,100.0
2024-03-31,NHW03,0.0,0.0,0.0,0.0,0.0,40.0,0.0,0.0,0.0,0.0,0.0,0.0,25.0,0.0,0.0,0.0,0.0,0.0,0.0,0.0,0.0,65.0
2024-03-31,NHW04,0.0,0.0,0.0,0.0,0.0,,0.0,0.0,0.0,0.0,0.0,0.0,90.0,0.0,0.0,0.0,0.0,0.0,0.0,0.0,0.0,90.0
2024-03-31,NMG,0.0,0.0,0.0,0.0,0.0,10.0,0.0,0.0,0.0,0.0,0.0,0.0,1855.0,0.0,0.0,0.0,0.0,95.0,,0.0,0.0,1960.0
2024-03-31,NMM01,0.0,0.0,0.0,0.0,0.0,0.0,0.0,0.0,0.0,0.0,0.0,0.0,0.0,0.0,0.0,0.0,0.0,35.0,0.0,0.0,0.0,35.0
2024-03-31,NN401,30.0,70.0,15.0,,0.0,90.0,,0.0,25.0,,740.0,100.0,1145.0,135.0,0.0,0.0,,165.0,10.0,0.0,45.0,2570.0
2024-03-31,NN501,20.0,75.0,,0.0,0.0,30.0,0.0,15.0,0.0,80.0,565.0,80.0,235.0,250.0,,0.0,,105.0,,0.0,25.0,1480.0
2024-03-31,NN801,,100.0,0.0,,,15.0,0.0,0.0,0.0,0.0,340.0,60.0,860.0,435.0,,0.0,,25.0,25.0,0.0,40.0,1900.0
2024-03-31,NN802,0.0,0.0,0.0,0.0,0.0,,0.0,10.0,0.0,20.0,10.0,,70.0,,0.0,0.0,0.0,,0.0,0.0,0.0,110.0
2024-03-31,NN804,0.0,,0.0,0.0,,,0.0,0.0,0.0,,0.0,,665.0,60.0,0.0,0.0,0.0,,,0.0,0.0,725.0
2024-03-31,NNH02,0.0,0.0,0.0,0.0,0.0,0.0,4680.0,0.0,0.0,0.0,0.0,0.0,0.0,0.0,0.0,0.0,0.0,0.0,0.0,0.0,0.0,4680.0
2024-03-31,NNH03,0.0,0.0,0.0,0.0,0.0,0.0,6000.0,0.0,0.0,0.0,0.0,0.0,0.0,0.0,0.0,0.0,0.0,0.0,0.0,0.0,0.0,6000.0
2024-03-31,NNH04,0.0,0.0,0.0,0.0,0.0,0.0,12900.0,0.0,0.0,0.0,0.0,0.0,0.0,0.0,0.0,0.0,0.0,0.0,0.0,0.0,0.0,12900.0
2024-03-31,NNH05,0.0,0.0,0.0,0.0,0.0,0.0,5625.0,0.0,0.0,0.0,0.0,0.0,0.0,0.0,0.0,0.0,0.0,0.0,0.0,0.0,0.0,5625.0
2024-03-31,NNH06,0.0,0.0,0.0,0.0,0.0,0.0,5940.0,0.0,0.0,0.0,0.0,0.0,0.0,0.0,0.0,0.0,0.0,0.0,0.0,0.0,0.0,5940.0
2024-03-31,NNH07,0.0,0.0,0.0,0.0,0.0,0.0,5785.0,0.0,0.0,0.0,0.0,0.0,0.0,0.0,0.0,0.0,0.0,0.0,0.0,0.0,0.0,5785.0
2024-03-31,NNV01,0.0,0.0,0.0,0.0,0.0,0.0,0.0,0.0,0.0,0.0,0.0,0.0,0.0,0.0,0.0,0.0,0.0,50.0,0.0,0.0,0.0,50.0
2024-03-31,NNV2J,0.0,0.0,0.0,0.0,0.0,0.0,0.0,0.0,0.0,0.0,0.0,0.0,0.0,0.0,0.0,0.0,0.0,320.0,0.0,0.0,0.0,320.0
2024-03-31,NPG01,0.0,0.0,0.0,0.0,0.0,0.0,7380.0,0.0,0.0,0.0,0.0,0.0,0.0,0.0,0.0,0.0,55.0,0.0,15.0,0.0,20.0,7470.0
2024-03-31,NPG02,0.0,0.0,0.0,0.0,0.0,0.0,5510.0,0.0,0.0,0.0,0.0,0.0,0.0,0.0,0.0,0.0,10.0,0.0,,0.0,,5520.0
2024-03-31,NPG06,0.0,0.0,0.0,0.0,0.0,0.0,7515.0,0.0,0.0,0.0,0.0,0.0,0.0,0.0,0.0,0.0,75.0,0.0,20.0,0.0,,7610.0
2024-03-31,NPG07,0.0,0.0,0.0,0.0,0.0,0.0,8115.0,0.0,0.0,0.0,0.0,0.0,0.0,0.0,0.0,0.0,50.0,0.0,,0.0,,8165.0
2024-03-31,NPG08,0.0,0.0,0.0,0.0,0.0,0.0,9190.0,0.0,0.0,0.0,0.0,0.0,0.0,0.0,0.0,0.0,100.0,,,0.0,,9290.0
2024-03-31,NPG10,0.0,0.0,0.0,0.0,0.0,0.0,8250.0,0.0,0.0,0.0,0.0,0.0,0.0,0.0,0.0,0.0,125.0,0.0,15.0,0.0,55.0,8445.0
2024-03-31,NPG11,0.0,0.0,0.0,,0.0,0.0,9275.0,0.0,0.0,0.0,0.0,0.0,0.0,0.0,0.0,0.0,95.0,0.0,0.0,0.0,10.0,9380.0
2024-03-31,NPG12,0.0,0.0,0.0,0.0,0.0,0.0,345.0,0.0,0.0,0.0,0.0,0.0,0.0,0.0,0.0,0.0,,0.0,0.0,0.0,,345.0
2024-03-31,NPG13,0.0,0.0,0.0,0.0,0.0,0.0,5615.0,0.0,0.0,0.0,0.0,0.0,0.0,0.0,0.0,0.0,40.0,0.0,,0.0,,5655.0
2024-03-31,NPG14,0.0,0.0,0.0,0.0,0.0,0.0,7240.0,0.0,0.0,0.0,0.0,0.0,0.0,0.0,0.0,0.0,50.0,0.0,,0.0,,7290.0
2024-03-31,NPG15,0.0,0.0,0.0,0.0,0.0,0.0,6550.0,0.0,0.0,0.0,0.0,0.0,0.0,0.0,0.0,0.0,140.0,0.0,15.0,0.0,30.0,6735.0
2024-03-31,NPG16,0.0,0.0,0.0,0.0,0.0,0.0,9205.0,0.0,0.0,0.0,0.0,0.0,0.0,0.0,0.0,0.0,90.0,0.0,20.0,0.0,20.0,9335.0
2024-03-31,NPG17,0.0,0.0,0.0,0.0,0.0,0.0,5585.0,0.0,0.0,0.0,0.0,0.0,0.0,0.0,0.0,0.0,55.0,0.0,,0.0,,5640.0
2024-03-31,NPG18,0.0,0.0,0.0,0.0,0.0,0.0,5370.0,0.0,0.0,0.0,0.0,0.0,0.0,0.0,0.0,0.0,65.0,0.0,0.0,0.0,,5435.0
2024-03-31,NPG19,0.0,0.0,0.0,0.0,0.0,0.0,6755.0,0.0,0.0,0.0,0.0,0.0,0.0,0.0,0.0,0.0,80.0,0.0,10.0,0.0,,6845.0
2024-03-31,NPG20,0.0,0.0,0.0,0.0,0.0,0.0,8780.0,0.0,0.0,0.0,0.0,0.0,0.0,0.0,0.0,0.0,165.0,0.0,10.0,0.0,75.0,9030.0
2024-03-31,NPG21,0.0,0.0,0.0,0.0,0.0,0.0,8265.0,0.0,0.0,0.0,0.0,0.0,0.0,0.0,0.0,0.0,135.0,,,0.0,15.0,8415.0
2024-03-31,NPG22,0.0,0.0,0.0,0.0,0.0,0.0,3450.0,0.0,0.0,0.0,0.0,0.0,0.0,0.0,0.0,0.0,65.0,0.0,20.0,0.0,,3535.0
2024-03-31,NPG23,0.0,0.0,0.0,0.0,0.0,0.0,5540.0,0.0,0.0,0.0,0.0,0.0,0.0,0.0,0.0,0.0,90.0,0.0,,0.0,,5630.0
2024-03-31,NQH25,,360.0,0.0,0.0,0.0,455.0,0.0,0.0,0.0,0.0,0.0,,10.0,0.0,0.0,0.0,0.0,0.0,0.0,0.0,0.0,825.0
2024-03-31,NQM01,0.0,0.0,0.0,0.0,0.0,55.0,0.0,0.0,0.0,0.0,0.0,0.0,205.0,0.0,0.0,0.0,,,,0.0,0.0,260.0
2024-03-31,NQT5H,0.0,0.0,0.0,0.0,0.0,0.0,0.0,0.0,0.0,0.0,0.0,0.0,0.0,0.0,0.0,0.0,0.0,225.0,0.0,0.0,0.0,225.0
2024-03-31,NQT5K,0.0,0.0,0.0,0.0,0.0,0.0,0.0,0.0,0.0,0.0,0.0,0.0,0.0,0.0,0.0,0.0,0.0,605.0,0.0,0.0,0.0,605.0
2024-03-31,NR505,0.0,0.0,0.0,0.0,0.0,0.0,0.0,0.0,0.0,0.0,,0.0,0.0,0.0,0.0,0.0,0.0,635.0,0.0,0.0,0.0,635.0
2024-03-31,NR527,0.0,0.0,0.0,0.0,0.0,0.0,0.0,0.0,0.0,0.0,0.0,0.0,0.0,0.0,0.0,0.0,0.0,85.0,0.0,0.0,0.0,85.0
2024-03-31,NT202,0.0,,10.0,0.0,0.0,135.0,0.0,0.0,0.0,0.0,165.0,,700.0,55.0,0.0,0.0,,,15.0,0.0,10.0,1090.0
2024-03-31,NT204,0.0,65.0,0.0,0.0,0.0,0.0,0.0,,,0.0,365.0,,800.0,380.0,0.0,0.0,,15.0,35.0,0.0,15.0,1675.0
2024-03-31,NT205,0.0,,0.0,0.0,225.0,,0.0,0.0,0.0,0.0,115.0,,215.0,,0.0,0.0,,,10.0,0.0,,565.0
2024-03-31,NT206,0.0,0.0,,10.0,0.0,120.0,0.0,0.0,0.0,0.0,70.0,,1320.0,,0.0,0.0,0.0,0.0,15.0,0.0,,1535.0
2024-03-31,NT209,0.0,,,0.0,0.0,35.0,0.0,0.0,0.0,0.0,20.0,,505.0,0.0,0.0,0.0,0.0,10.0,15.0,0.0,,585.0
2024-03-31,NT210,0.0,,0.0,0.0,0.0,,0.0,0.0,0.0,0.0,10.0,,690.0,0.0,0.0,0.0,,,10.0,0.0,,710.0
2024-03-31,NT211,0.0,0.0,0.0,,0.0,0.0,0.0,0.0,0.0,0.0,80.0,0.0,55.0,0.0,0.0,0.0,0.0,0.0,0.0,0.0,0.0,135.0
2024-03-31,NT212,0.0,,,,0.0,,0.0,0.0,0.0,0.0,35.0,0.0,920.0,0.0,0.0,0.0,0.0,,15.0,0.0,,970.0
2024-03-31,NT213,0.0,,0.0,0.0,0.0,15.0,0.0,0.0,0.0,0.0,190.0,0.0,1090.0,0.0,0.0,0.0,0.0,,20.0,0.0,,1315.0
2024-03-31,NT214,0.0,,0.0,0.0,0.0,10.0,0.0,0.0,0.0,0.0,0.0,,610.0,0.0,0.0,0.0,0.0,0.0,10.0,0.0,0.0,630.0
2024-03-31,NT215,0.0,0.0,0.0,0.0,0.0,0.0,0.0,0.0,320.0,0.0,0.0,0.0,90.0,0.0,0.0,0.0,0.0,15.0,,0.0,0.0,425.0
2024-03-31,NT216,0.0,,0.0,0.0,0.0,0.0,0.0,0.0,0.0,0.0,35.0,,50.0,40.0,0.0,0.0,0.0,,35.0,0.0,,160.0
2024-03-31,NT218,0.0,,0.0,,0.0,,0.0,0.0,0.0,0.0,60.0,0.0,385.0,0.0,0.0,0.0,,0.0,10.0,0.0,,455.0
2024-03-31,NT219,0.0,,0.0,0.0,0.0,30.0,0.0,0.0,0.0,0.0,130.0,,255.0,0.0,0.0,0.0,,,,0.0,,415.0
2024-03-31,NT224,0.0,,0.0,0.0,0.0,30.0,0.0,0.0,0.0,0.0,20.0,,295.0,0.0,0.0,0.0,0.0,0.0,,0.0,,345.0
2024-03-31,NT225,,15.0,,,0.0,120.0,0.0,0.0,,110.0,660.0,,1100.0,,0.0,0.0,,35.0,30.0,0.0,,2070.0
2024-03-31,NT226,0.0,,0.0,0.0,0.0,,0.0,0.0,0.0,85.0,85.0,0.0,470.0,0.0,0.0,0.0,,,,0.0,,640.0
2024-03-31,NT229,0.0,0.0,0.0,0.0,40.0,,0.0,0.0,0.0,0.0,0.0,,465.0,,0.0,0.0,0.0,0.0,,0.0,,505.0
2024-03-31,NT230,0.0,10.0,0.0,0.0,0.0,40.0,0.0,0.0,0.0,0.0,250.0,10.0,1905.0,,0.0,0.0,,,35.0,0.0,10.0,2260.0
2024-03-31,NT233,0.0,25.0,,0.0,130.0,10.0,0.0,0.0,0.0,,450.0,,920.0,30.0,0.0,0.0,0.0,45.0,20.0,0.0,20.0,1650.0
2024-03-31,NT235,0.0,,0.0,0.0,0.0,85.0,985.0,0.0,0.0,0.0,0.0,,260.0,0.0,0.0,0.0,0.0,,,0.0,0.0,1330.0
2024-03-31,NT237,0.0,50.0,0.0,35.0,0.0,40.0,1655.0,0.0,,0.0,225.0,,1845.0,,0.0,0.0,,,55.0,0.0,25.0,3930.0
2024-03-31,NT238,0.0,0.0,10.0,0.0,0.0,185.0,0.0,0.0,0.0,0.0,0.0,,420.0,0.0,0.0,0.0,0.0,0.0,,0.0,,615.0
2024-03-31,NT239,0.0,,0.0,,0.0,,0.0,,0.0,15.0,110.0,0.0,210.0,20.0,0.0,0.0,,,,0.0,,355.0
2024-03-31,NT241,0.0,,0.0,0.0,0.0,35.0,0.0,0.0,,0.0,30.0,,390.0,35.0,0.0,0.0,0.0,0.0,20.0,0.0,,510.0
2024-03-31,NT242,0.0,,0.0,,0.0,55.0,150.0,0.0,0.0,0.0,135.0,,540.0,0.0,0.0,0.0,0.0,0.0,15.0,0.0,,895.0
2024-03-31,NT244,0.0,,0.0,0.0,0.0,0.0,0.0,0.0,0.0,0.0,0.0,0.0,,10.0,0.0,0.0,0.0,0.0,0.0,0.0,0.0,10.0
2024-03-31,NT245,0.0,10.0,0.0,0.0,0.0,50.0,0.0,0.0,0.0,0.0,0.0,0.0,1040.0,0.0,0.0,0.0,,0.0,30.0,0.0,,1130.0
2024-03-31,NT255,0.0,,0.0,0.0,0.0,,40.0,0.0,0.0,0.0,30.0,,40.0,15.0,0.0,0.0,0.0,,0.0,0.0,20.0,145.0
2024-03-31,NT301,,45.0,20.0,0.0,0.0,180.0,0.0,0.0,0.0,15.0,655.0,15.0,680.0,60.0,0.0,0.0,,60.0,30.0,0.0,15.0,1775.0
2024-03-31,NT302,0.0,,0.0,0.0,0.0,255.0,0.0,0.0,0.0,0.0,0.0,,1690.0,0.0,0.0,0.0,10.0,,30.0,0.0,0.0,1985.0
2024-03-31,NT304,,,0.0,,0.0,,0.0,0.0,0.0,0.0,0.0,0.0,525.0,0.0,0.0,0.0,0.0,,10.0,0.0,,535.0
2024-03-31,NT305,0.0,,0.0,0.0,0.0,60.0,0.0,0.0,0.0,0.0,0.0,,620.0,0.0,0.0,0.0,,0.0,10.0,0.0,,690.0
2024-03-31,NT308,0.0,,0.0,0.0,0.0,135.0,0.0,0.0,0.0,0.0,45.0,,970.0,0.0,0.0,0.0,,,25.0,0.0,10.0,1185.0
2024-03-31,NT30A,,10.0,0.0,,0.0,45.0,0.0,0.0,10.0,0.0,205.0,,795.0,55.0,0.0,0.0,,10.0,45.0,0.0,10.0,1185.0
2024-03-31,NT310,0.0,20.0,,0.0,0.0,45.0,0.0,0.0,,20.0,210.0,10.0,430.0,95.0,0.0,0.0,0.0,,25.0,0.0,20.0,875.0
2024-03-31,NT312,,25.0,0.0,,0.0,55.0,0.0,,0.0,15.0,210.0,,2185.0,135.0,0.0,0.0,0.0,20.0,65.0,0.0,10.0,2720.0
2024-03-31,NT313,,20.0,0.0,0.0,0.0,75.0,0.0,0.0,0.0,0.0,205.0,10.0,1925.0,0.0,0.0,0.0,0.0,,60.0,0.0,,2295.0
2024-03-31,NT314,,135.0,0.0,0.0,0.0,100.0,0.0,,0.0,15.0,725.0,160.0,1980.0,40.0,0.0,0.0,,35.0,75.0,0.0,,3265.0
2024-03-31,NT315,,30.0,,0.0,0.0,50.0,0.0,,0.0,45.0,230.0,25.0,495.0,0.0,0.0,0.0,,10.0,30.0,0.0,,915.0
2024-03-31,NT316,,20.0,0.0,,0.0,25.0,0.0,,,140.0,330.0,45.0,855.0,0.0,0.0,0.0,,15.0,40.0,0.0,,1470.0
2024-03-31,NT317,0.0,10.0,0.0,,0.0,,0.0,,0.0,,30.0,,1005.0,0.0,0.0,0.0,0.0,,35.0,0.0,,1080.0
2024-03-31,NT318,0.0,0.0,0.0,0.0,0.0,0.0,0.0,0.0,0.0,0.0,0.0,0.0,,0.0,0.0,0.0,0.0,0.0,0.0,0.0,0.0,0.0
2024-03-31,NT319,0.0,10.0,0.0,0.0,0.0,105.0,0.0,,,,405.0,10.0,1315.0,0.0,0.0,0.0,0.0,0.0,50.0,0.0,10.0,1905.0
2024-03-31,NT320,0.0,20.0,0.0,0.0,0.0,95.0,0.0,0.0,0.0,0.0,215.0,,1030.0,115.0,0.0,0.0,,,40.0,0.0,10.0,1525.0
2024-03-31,NT321,,80.0,0.0,,0.0,125.0,0.0,0.0,,,255.0,45.0,1490.0,185.0,0.0,0.0,,15.0,65.0,0.0,20.0,2280.0
2024-03-31,NT322,0.0,,0.0,0.0,0.0,35.0,0.0,0.0,,0.0,,,990.0,0.0,0.0,0.0,,,25.0,0.0,,1050.0
2024-03-31,NT324,10.0,60.0,,0.0,0.0,120.0,0.0,20.0,130.0,80.0,475.0,105.0,1140.0,40.0,0.0,0.0,,65.0,85.0,0.0,30.0,2360.0
2024-03-31,NT325,,85.0,,0.0,0.0,105.0,70.0,,75.0,15.0,285.0,55.0,1120.0,105.0,0.0,0.0,0.0,50.0,25.0,0.0,10.0,2000.0
2024-03-31,NT327,0.0,,0.0,0.0,0.0,140.0,0.0,,,85.0,220.0,10.0,970.0,65.0,0.0,0.0,,25.0,60.0,0.0,15.0,1590.0
2024-03-31,NT332,,130.0,0.0,,0.0,155.0,0.0,0.0,,0.0,425.0,210.0,1275.0,,0.0,0.0,10.0,,30.0,0.0,25.0,2260.0
2024-03-31,NT333,0.0,15.0,0.0,,0.0,160.0,0.0,,90.0,10.0,365.0,,4275.0,10.0,0.0,0.0,,15.0,130.0,0.0,20.0,5090.0
2024-03-31,NT337,40.0,50.0,10.0,0.0,0.0,245.0,0.0,35.0,0.0,270.0,1195.0,35.0,2660.0,160.0,0.0,0.0,,415.0,85.0,0.0,40.0,5240.0
2024-03-31,NT338,0.0,0.0,0.0,0.0,0.0,,0.0,0.0,0.0,0.0,0.0,0.0,,0.0,0.0,0.0,0.0,0.0,0.0,0.0,0.0,0.0
2024-03-31,NT339,,50.0,,,0.0,110.0,0.0,10.0,,50.0,565.0,,1560.0,150.0,0.0,0.0,,55.0,30.0,0.0,40.0,2620.0
2024-03-31,NT343,0.0,,0.0,0.0,0.0,35.0,0.0,0.0,0.0,0.0,30.0,,265.0,0.0,0.0,0.0,0.0,,,0.0,0.0,330.0
2024-03-31,NT344,,15.0,,,0.0,25.0,0.0,0.0,0.0,0.0,305.0,,365.0,,0.0,0.0,0.0,10.0,10.0,0.0,20.0,750.0
2024-03-31,NT345,,,,0.0,0.0,10.0,0.0,0.0,0.0,,150.0,,380.0,20.0,0.0,0.0,0.0,15.0,15.0,0.0,10.0,600.0
2024-03-31,NT347,,80.0,,0.0,0.0,240.0,0.0,10.0,235.0,175.0,855.0,25.0,2440.0,405.0,0.0,0.0,,75.0,100.0,0.0,135.0,4775.0
2024-03-31,NT348,,35.0,0.0,0.0,0.0,90.0,0.0,0.0,100.0,0.0,490.0,30.0,2130.0,305.0,0.0,0.0,,90.0,40.0,0.0,40.0,3350.0
2024-03-31,NT350,,40.0,0.0,10.0,0.0,135.0,0.0,0.0,95.0,,715.0,40.0,1690.0,150.0,0.0,0.0,,25.0,75.0,0.0,45.0,3020.0
2024-03-31,NT351,,,0.0,35.0,0.0,160.0,,10.0,125.0,35.0,515.0,25.0,4145.0,400.0,0.0,0.0,,40.0,125.0,0.0,125.0,5740.0
2024-03-31,NT364,,10.0,0.0,,0.0,80.0,0.0,0.0,0.0,0.0,115.0,,275.0,,0.0,0.0,,,15.0,0.0,,495.0
2024-03-31,NT3X3,,15.0,0.0,0.0,0.0,0.0,0.0,0.0,45.0,,330.0,,75.0,15.0,0.0,0.0,0.0,,,0.0,0.0,480.0
2024-03-31,NT401,10.0,65.0,15.0,0.0,0.0,45.0,0.0,0.0,0.0,,740.0,50.0,1255.0,10.0,0.0,0.0,,130.0,20.0,0.0,20.0,2360.0
2024-03-31,NT402,0.0,,0.0,0.0,0.0,,505.0,0.0,0.0,,150.0,,955.0,,0.0,0.0,0.0,0.0,10.0,0.0,,1620.0
2024-03-31,NT403,10.0,50.0,,0.0,,310.0,85.0,15.0,,105.0,940.0,35.0,4135.0,305.0,0.0,0.0,10.0,120.0,30.0,0.0,50.0,6200.0
2024-03-31,NT404,15.0,45.0,,0.0,,180.0,,30.0,0.0,185.0,1125.0,30.0,1860.0,425.0,0.0,0.0,10.0,255.0,30.0,0.0,520.0,4710.0
2024-03-31,NT405,0.0,20.0,,0.0,0.0,40.0,170.0,,0.0,,165.0,40.0,395.0,35.0,0.0,0.0,,15.0,20.0,0.0,,900.0
2024-03-31,NT406,,30.0,10.0,,0.0,55.0,250.0,0.0,0.0,0.0,460.0,20.0,1250.0,155.0,0.0,0.0,,90.0,15.0,0.0,250.0,2585.0
2024-03-31,NT408,,45.0,0.0,,0.0,10.0,2235.0,0.0,,0.0,280.0,25.0,900.0,285.0,0.0,0.0,,80.0,10.0,0.0,50.0,3920.0
2024-03-31,NT409,,35.0,0.0,0.0,,35.0,0.0,0.0,,30.0,290.0,25.0,1155.0,110.0,0.0,0.0,,55.0,15.0,0.0,30.0,1780.0
2024-03-31,NT410,0.0,,0.0,0.0,0.0,0.0,0.0,,0.0,0.0,20.0,0.0,835.0,35.0,0.0,0.0,0.0,20.0,15.0,0.0,,925.0
2024-03-31,NT411,15.0,85.0,,,0.0,80.0,210.0,25.0,,160.0,975.0,75.0,720.0,575.0,0.0,0.0,10.0,200.0,20.0,0.0,80.0,3230.0
2024-03-31,NT412,,30.0,,,0.0,110.0,150.0,,0.0,35.0,1155.0,25.0,1160.0,60.0,0.0,0.0,,100.0,20.0,0.0,50.0,2895.0
2024-03-31,NT416,0.0,25.0,0.0,0.0,0.0,15.0,360.0,0.0,75.0,0.0,135.0,25.0,145.0,20.0,0.0,0.0,0.0,35.0,,0.0,,835.0
2024-03-31,NT417,0.0,15.0,,,0.0,100.0,490.0,0.0,0.0,0.0,170.0,,875.0,350.0,0.0,0.0,,20.0,30.0,0.0,20.0,2070.0
2024-03-31,NT418,,25.0,,0.0,,115.0,,0.0,0.0,0.0,240.0,20.0,425.0,360.0,0.0,0.0,,60.0,10.0,0.0,55.0,1310.0
2024-03-31,NT419,0.0,0.0,0.0,0.0,0.0,60.0,0.0,0.0,0.0,0.0,0.0,,200.0,0.0,0.0,0.0,0.0,0.0,10.0,0.0,,270.0
2024-03-31,NT420,,15.0,,0.0,0.0,215.0,35.0,,,,710.0,30.0,2875.0,275.0,0.0,0.0,10.0,55.0,35.0,0.0,60.0,4315.0
2024-03-31,NT421,,155.0,0.0,0.0,0.0,20.0,0.0,,,65.0,190.0,50.0,55.0,590.0,0.0,0.0,,30.0,15.0,0.0,45.0,1215.0
2024-03-31,NT422,15.0,255.0,,,,305.0,225.0,,,0.0,1210.0,285.0,3755.0,530.0,0.0,0.0,10.0,185.0,35.0,0.0,95.0,6905.0
2024-03-31,NT423,0.0,20.0,0.0,,0.0,20.0,0.0,0.0,,0.0,35.0,,280.0,395.0,0.0,0.0,,15.0,20.0,0.0,15.0,800.0
2024-03-31,NT424,15.0,25.0,20.0,,0.0,160.0,0.0,,,10.0,1140.0,25.0,1445.0,,0.0,0.0,,160.0,10.0,0.0,40.0,3050.0
2024-03-31,NT427,,50.0,,,0.0,195.0,0.0,,55.0,,970.0,40.0,4535.0,215.0,0.0,0.0,,100.0,75.0,0.0,65.0,6300.0
2024-03-31,NT428,10.0,,,0.0,0.0,,0.0,0.0,0.0,0.0,180.0,,130.0,,0.0,0.0,0.0,35.0,,0.0,15.0,370.0
2024-03-31,NT429,0.0,35.0,0.0,0.0,0.0,35.0,0.0,0.0,,0.0,145.0,10.0,315.0,30.0,0.0,0.0,,,15.0,0.0,15.0,600.0
2024-03-31,NT430,,45.0,10.0,,,15.0,555.0,,0.0,105.0,705.0,10.0,160.0,235.0,0.0,0.0,,165.0,,0.0,70.0,2075.0
2024-03-31,NT431,,,,0.0,0.0,,40.0,,0.0,0.0,120.0,15.0,100.0,0.0,0.0,0.0,0.0,15.0,0.0,0.0,,290.0
2024-03-31,NT433,0.0,10.0,,0.0,0.0,145.0,70.0,0.0,,0.0,35.0,,625.0,0.0,0.0,0.0,,40.0,,0.0,,925.0
2024-03-31,NT434,,,,0.0,0.0,50.0,0.0,0.0,0.0,0.0,325.0,10.0,420.0,0.0,0.0,0.0,,100.0,,0.0,10.0,915.0
2024-03-31,NT435,0.0,,0.0,0.0,0.0,0.0,0.0,0.0,0.0,0.0,80.0,10.0,80.0,10.0,0.0,0.0,0.0,0.0,,0.0,0.0,180.0
2024-03-31,NT436,10.0,65.0,,,0.0,75.0,285.0,0.0,,0.0,830.0,20.0,565.0,300.0,,0.0,,155.0,,0.0,180.0,2485.0
2024-03-31,NT437,,15.0,,,0.0,145.0,30.0,0.0,,0.0,220.0,10.0,1025.0,155.0,0.0,0.0,,75.0,15.0,0.0,35.0,1725.0
2024-03-31,NT440,,20.0,,0.0,0.0,35.0,0.0,0.0,0.0,0.0,335.0,,390.0,100.0,0.0,0.0,0.0,35.0,,0.0,,915.0
2024-03-31,NT441,,85.0,10.0,,0.0,190.0,,0.0,,,745.0,75.0,1520.0,525.0,0.0,0.0,,175.0,40.0,0.0,55.0,3420.0
2024-03-31,NT443,0.0,,0.0,0.0,0.0,115.0,0.0,0.0,0.0,0.0,195.0,,700.0,0.0,0.0,0.0,,0.0,10.0,0.0,,1020.0
2024-03-31,NT445,,,,0.0,0.0,65.0,0.0,0.0,0.0,0.0,430.0,,395.0,,0.0,0.0,0.0,100.0,,0.0,15.0,1005.0
2024-03-31,NT446,0.0,,0.0,0.0,0.0,,80.0,0.0,0.0,0.0,170.0,,380.0,20.0,0.0,0.0,,25.0,10.0,0.0,15.0,700.0
2024-03-31,NT447,,,,0.0,0.0,20.0,0.0,0.0,,0.0,270.0,,560.0,55.0,0.0,0.0,0.0,35.0,,0.0,15.0,955.0
2024-03-31,NT448,,35.0,,,0.0,195.0,0.0,0.0,35.0,0.0,705.0,10.0,1085.0,545.0,0.0,0.0,,200.0,20.0,0.0,110.0,2940.0
2024-03-31,NT449,0.0,20.0,0.0,0.0,0.0,65.0,0.0,0.0,0.0,0.0,125.0,35.0,595.0,0.0,0.0,0.0,,,,0.0,,840.0
2024-03-31,NT450,,10.0,0.0,0.0,0.0,20.0,210.0,0.0,0.0,0.0,20.0,20.0,1220.0,160.0,0.0,0.0,10.0,10.0,30.0,0.0,15.0,1725.0
2024-03-31,NT451,15.0,95.0,,,,110.0,,0.0,0.0,,490.0,25.0,1065.0,195.0,0.0,0.0,10.0,160.0,20.0,0.0,35.0,2220.0
2024-03-31,NT455,,35.0,,0.0,0.0,15.0,0.0,0.0,,,155.0,30.0,180.0,45.0,0.0,0.0,0.0,35.0,,0.0,10.0,505.0
2024-03-31,NT457,10.0,35.0,,,0.0,145.0,1565.0,0.0,60.0,45.0,745.0,35.0,1895.0,320.0,0.0,0.0,,165.0,45.0,0.0,45.0,5110.0
2024-03-31,NT490,,170.0,0.0,0.0,0.0,345.0,2185.0,,,,,80.0,30.0,0.0,0.0,0.0,0.0,,,0.0,,2810.0
2024-03-31,NTE02,,40.0,,,,140.0,255.0,0.0,,,675.0,10.0,2040.0,500.0,0.0,0.0,,165.0,35.0,0.0,25.0,3885.0
2024-03-31,NTV0O,0.0,0.0,0.0,0.0,0.0,0.0,0.0,0.0,0.0,0.0,0.0,0.0,0.0,0.0,0.0,0.0,0.0,370.0,0.0,0.0,0.0,370.0
2024-03-31,NTV0S,0.0,0.0,0.0,0.0,0.0,0.0,0.0,0.0,0.0,0.0,0.0,0.0,0.0,0.0,0.0,0.0,0.0,370.0,0.0,0.0,0.0,370.0
2024-03-31,NVC01,,80.0,,90.0,0.0,35.0,995.0,0.0,,0.0,770.0,45.0,500.0,80.0,0.0,0.0,,140.0,,0.0,25.0,2760.0
2024-03-31,NVC02,,20.0,,,0.0,110.0,475.0,0.0,0.0,0.0,160.0,,615.0,280.0,0.0,0.0,,65.0,20.0,0.0,20.0,1765.0
2024-03-31,NVC04,,,0.0,,,25.0,0.0,0.0,610.0,0.0,810.0,45.0,860.0,,0.0,0.0,,80.0,105.0,0.0,55.0,2590.0
2024-03-31,NVC05,,75.0,0.0,0.0,0.0,300.0,0.0,0.0,,0.0,410.0,110.0,2390.0,170.0,,0.0,,55.0,25.0,0.0,25.0,3560.0
2024-03-31,NVC06,,25.0,10.0,,10.0,200.0,560.0,,,,1105.0,10.0,3635.0,465.0,0.0,0.0,0.0,250.0,110.0,0.0,55.0,6435.0
2024-03-31,NVC07,,95.0,0.0,,0.0,530.0,1410.0,0.0,350.0,0.0,535.0,100.0,4475.0,335.0,0.0,0.0,,105.0,30.0,0.0,120.0,8085.0
2024-03-31,NVC08,,40.0,,,55.0,110.0,435.0,0.0,,,845.0,10.0,975.0,580.0,0.0,0.0,,100.0,35.0,0.0,80.0,3265.0
2024-03-31,NVC09,,15.0,,,,150.0,835.0,0.0,,,410.0,10.0,4695.0,290.0,0.0,0.0,10.0,50.0,45.0,0.0,140.0,6650.0
2024-03-31,NVC0I,10.0,,,0.0,,70.0,1405.0,0.0,0.0,,365.0,25.0,1245.0,340.0,0.0,0.0,15.0,130.0,20.0,0.0,35.0,3660.0
2024-03-31,NVC0M,,,,0.0,0.0,40.0,530.0,0.0,0.0,0.0,110.0,,95.0,65.0,0.0,0.0,0.0,20.0,,0.0,35.0,895.0
2024-03-31,NVC0R,85.0,1375.0,20.0,10.0,,165.0,10.0,10.0,,,4160.0,820.0,1570.0,555.0,0.0,0.0,15.0,440.0,50.0,0.0,100.0,9385.0
2024-03-31,NVC0Y,,110.0,0.0,0.0,0.0,190.0,0.0,0.0,,0.0,0.0,35.0,110.0,,0.0,0.0,,,,0.0,565.0,1010.0
2024-03-31,NVC11,,60.0,,,0.0,120.0,360.0,0.0,,,330.0,30.0,1140.0,305.0,0.0,0.0,10.0,65.0,30.0,0.0,35.0,2485.0
2024-03-31,NVC12,20.0,140.0,10.0,,,255.0,35.0,,,105.0,1785.0,165.0,2860.0,350.0,0.0,0.0,,225.0,50.0,0.0,50.0,6050.0
2024-03-31,NVC13,,20.0,10.0,0.0,,45.0,115.0,,20.0,20.0,1115.0,15.0,995.0,130.0,0.0,0.0,,350.0,,0.0,20.0,2855.0
2024-03-31,NVC14,,,0.0,,0.0,55.0,0.0,0.0,0.0,0.0,10.0,25.0,635.0,0.0,0.0,0.0,,0.0,,0.0,,725.0
2024-03-31,NVC15,10.0,,10.0,0.0,,55.0,475.0,,,,880.0,,1285.0,10.0,0.0,0.0,0.0,75.0,10.0,0.0,35.0,2845.0
2024-03-31,NVC16,20.0,90.0,20.0,0.0,0.0,295.0,0.0,35.0,0.0,120.0,1300.0,20.0,3285.0,120.0,0.0,0.0,,230.0,25.0,0.0,50.0,5610.0
2024-03-31,NVC17,0.0,40.0,0.0,,,90.0,0.0,0.0,0.0,0.0,420.0,25.0,1865.0,460.0,,0.0,,40.0,20.0,0.0,65.0,3025.0
2024-03-31,NVC18,10.0,45.0,,,10.0,95.0,0.0,,,230.0,750.0,30.0,2745.0,920.0,0.0,0.0,10.0,230.0,35.0,0.0,265.0,5375.0
2024-03-31,NVC19,25.0,75.0,40.0,,,125.0,1045.0,,,45.0,2675.0,20.0,2055.0,745.0,0.0,0.0,,515.0,,0.0,175.0,7540.0
2024-03-31,NVC1H,,10.0,0.0,,0.0,130.0,960.0,0.0,0.0,0.0,25.0,25.0,1085.0,650.0,0.0,0.0,,25.0,10.0,0.0,95.0,3015.0
2024-03-31,NVC20,140.0,475.0,90.0,,,565.0,2915.0,95.0,10.0,310.0,3330.0,330.0,3020.0,715.0,0.0,0.0,15.0,640.0,70.0,0.0,265.0,12985.0
2024-03-31,NVC21,10.0,15.0,,0.0,,35.0,0.0,0.0,10.0,,1135.0,20.0,1345.0,505.0,0.0,0.0,,220.0,10.0,0.0,110.0,3415.0
2024-03-31,NVC22,10.0,30.0,25.0,10.0,0.0,80.0,0.0,0.0,,30.0,1010.0,15.0,830.0,40.0,0.0,0.0,,260.0,20.0,0.0,30.0,2390.0
2024-03-31,NVC23,15.0,70.0,10.0,,0.0,245.0,580.0,10.0,0.0,50.0,1550.0,90.0,3555.0,355.0,0.0,0.0,,150.0,45.0,0.0,60.0,6785.0
2024-03-31,NVC25,0.0,,0.0,0.0,0.0,395.0,10.0,0.0,0.0,0.0,0.0,10.0,2280.0,0.0,0.0,0.0,,15.0,15.0,0.0,,2725.0
2024-03-31,NVC27,,10.0,15.0,20.0,15.0,15.0,1340.0,0.0,35.0,0.0,885.0,20.0,515.0,340.0,0.0,0.0,0.0,335.0,,0.0,20.0,3565.0
2024-03-31,NVC28,0.0,,0.0,,0.0,150.0,0.0,0.0,0.0,,0.0,,1480.0,0.0,0.0,0.0,,,70.0,0.0,,1700.0
2024-03-31,NVC29,50.0,480.0,25.0,,0.0,135.0,,,75.0,,2530.0,650.0,250.0,,0.0,0.0,10.0,300.0,,0.0,115.0,4620.0
2024-03-31,NVC31,50.0,20.0,,,,170.0,865.0,0.0,,0.0,1200.0,40.0,480.0,130.0,0.0,0.0,,555.0,,0.0,50.0,3560.0
2024-03-31,NVC40,30.0,80.0,20.0,0.0,0.0,345.0,1690.0,0.0,10.0,,1095.0,15.0,3645.0,295.0,0.0,0.0,,230.0,25.0,0.0,60.0,7540.0
2024-03-31,NVC44,0.0,95.0,0.0,0.0,0.0,80.0,115.0,,160.0,,2620.0,115.0,120.0,,0.0,0.0,0.0,140.0,,0.0,,3445.0
2024-03-31,NVG01,,75.0,10.0,,0.0,155.0,105.0,0.0,230.0,0.0,965.0,180.0,1005.0,120.0,0.0,0.0,,95.0,15.0,0.0,95.0,3050.0
2024-03-31,NVM01,10.0,710.0,0.0,,0.0,25.0,1065.0,,20.0,0.0,940.0,100.0,55.0,395.0,0.0,0.0,,10.0,45.0,0.0,10.0,3385.0
2024-03-31,NVM02,,710.0,0.0,,0.0,35.0,540.0,,40.0,0.0,1010.0,110.0,90.0,0.0,0.0,0.0,0.0,,,0.0,,2535.0
2024-03-31,NVM03,0.0,40.0,0.0,0.0,0.0,0.0,0.0,0.0,0.0,0.0,0.0,,0.0,0.0,0.0,0.0,0.0,0.0,0.0,0.0,0.0,40.0
2024-03-31,NWF01,10.0,20.0,10.0,0.0,,20.0,130.0,,,40.0,435.0,20.0,625.0,55.0,0.0,0.0,0.0,65.0,15.0,0.0,10.0,1455.0
2024-03-31,NWV01,0.0,0.0,0.0,0.0,0.0,0.0,0.0,0.0,0.0,0.0,0.0,0.0,0.0,0.0,0.0,0.0,0.0,110.0,0.0,0.0,0.0,110.0
2024-03-31,NWX11,0.0,,,0.0,0.0,115.0,0.0,0.0,0.0,0.0,,,1430.0,,0.0,0.0,,,80.0,0.0,,1625.0
2024-03-31,NX501,0.0,20.0,0.0,0.0,0.0,25.0,7240.0,0.0,,0.0,0.0,0.0,0.0,,0.0,0.0,0.0,0.0,0.0,0.0,0.0,7285.0
2024-03-31,NX504,0.0,,0.0,0.0,0.0,0.0,1980.0,0.0,0.0,0.0,0.0,,0.0,0.0,0.0,0.0,0.0,0.0,0.0,0.0,0.0,1980.0
2024-03-31,NX507,0.0,0.0,0.0,0.0,0.0,0.0,2850.0,0.0,0.0,0.0,0.0,0.0,0.0,0.0,0.0,0.0,0.0,0.0,0.0,0.0,0.0,2850.0
2024-03-31,NXM01,0.0,,0.0,0.0,,40.0,0.0,0.0,0.0,0.0,0.0,,2395.0,0.0,0.0,0.0,,0.0,115.0,0.0,,2550.0
2024-03-31,NXM03,0.0,0.0,0.0,0.0,0.0,,0.0,0.0,0.0,0.0,0.0,0.0,0.0,0.0,0.0,0.0,0.0,0.0,0.0,0.0,0.0,0.0
2024-03-31,NXM04,0.0,,0.0,0.0,0.0,115.0,0.0,0.0,,0.0,,15.0,205.0,0.0,0.0,0.0,0.0,0.0,10.0,0.0,,345.0
2024-03-31,NXP17,0.0,0.0,0.0,0.0,0.0,,0.0,0.0,0.0,0.0,0.0,0.0,0.0,0.0,0.0,0.0,0.0,0.0,0.0,0.0,0.0,0.0
2024-03-31,NXP21,0.0,0.0,0.0,0.0,0.0,0.0,0.0,0.0,0.0,0.0,0.0,0.0,0.0,0.0,0.0,0.0,0.0,0.0,0.0,0.0,,0.0
2024-03-31,NXP37,0.0,0.0,0.0,0.0,0.0,0.0,0.0,0.0,0.0,0.0,,0.0,0.0,0.0,0.0,0.0,0.0,0.0,0.0,0.0,0.0,0.0
2024-03-31,NYG0A,0.0,,0.0,0.0,0.0,0.0,0.0,0.0,0.0,0.0,0.0,15.0,0.0,0.0,0.0,0.0,0.0,0.0,0.0,0.0,0.0,15.0
2024-03-31,NYG0D,0.0,,0.0,0.0,0.0,0.0,0.0,0.0,0.0,0.0,0.0,,0.0,0.0,0.0,0.0,0.0,0.0,0.0,0.0,0.0,0.0
2024-03-31,NYG0E,0.0,,0.0,0.0,0.0,0.0,0.0,0.0,0.0,0.0,0.0,,0.0,0.0,0.0,0.0,0.0,0.0,0.0,0.0,0.0,0.0
2024-03-31,NYG31,0.0,785.0,0.0,0.0,0.0,0.0,0.0,0.0,0.0,0.0,0.0,1030.0,0.0,0.0,0.0,0.0,0.0,0.0,0.0,0.0,0.0,1815.0
2024-03-31,NYG32,0.0,595.0,0.0,0.0,0.0,0.0,0.0,0.0,0.0,0.0,0.0,1005.0,0.0,0.0,0.0,0.0,0.0,0.0,0.0,0.0,0.0,1600.0
2024-03-31,NYG39,0.0,60.0,0.0,0.0,0.0,0.0,0.0,0.0,0.0,0.0,0.0,70.0,0.0,0.0,0.0,0.0,0.0,0.0,0.0,0.0,0.0,130.0
2024-03-31,NYG42,0.0,115.0,0.0,0.0,0.0,0.0,0.0,0.0,0.0,0.0,0.0,175.0,0.0,0.0,0.0,0.0,0.0,0.0,0.0,0.0,0.0,290.0
2024-03-31,O0P8A,0.0,0.0,0.0,0.0,0.0,0.0,2555.0,0.0,0.0,0.0,0.0,0.0,0.0,0.0,0.0,0.0,0.0,0.0,0.0,0.0,0.0,2555.0
2024-03-31,O1P6X,0.0,0.0,0.0,0.0,0.0,0.0,8365.0,0.0,0.0,0.0,0.0,0.0,0.0,0.0,0.0,0.0,125.0,0.0,30.0,0.0,40.0,8560.0
2024-03-31,O1X4X,0.0,0.0,0.0,0.0,0.0,0.0,585.0,0.0,0.0,0.0,0.0,0.0,0.0,0.0,0.0,0.0,0.0,0.0,0.0,0.0,0.0,585.0
2024-03-31,O5Y9D,0.0,0.0,0.0,0.0,0.0,0.0,2845.0,0.0,0.0,0.0,0.0,0.0,0.0,0.0,0.0,0.0,45.0,,,0.0,,2890.0
2024-03-31,O7O8S,0.0,0.0,0.0,0.0,0.0,0.0,1905.0,0.0,0.0,0.0,0.0,0.0,0.0,0.0,0.0,0.0,0.0,0.0,0.0,0.0,0.0,1905.0
2024-03-31,O9Q4E,0.0,0.0,0.0,0.0,0.0,0.0,795.0,0.0,0.0,0.0,0.0,0.0,0.0,0.0,0.0,0.0,0.0,0.0,0.0,0.0,0.0,795.0
2024-03-31,P0C3F,0.0,0.0,0.0,0.0,0.0,0.0,3685.0,0.0,0.0,0.0,0.0,0.0,0.0,0.0,0.0,0.0,20.0,0.0,,0.0,,3705.0
2024-03-31,P1B7M,0.0,0.0,0.0,0.0,0.0,0.0,3235.0,0.0,0.0,0.0,0.0,0.0,0.0,0.0,0.0,0.0,55.0,0.0,10.0,0.0,15.0,3315.0
2024-03-31,P5Y6K,0.0,0.0,0.0,,0.0,0.0,3780.0,0.0,0.0,0.0,0.0,0.0,0.0,0.0,0.0,0.0,0.0,,0.0,0.0,0.0,3780.0
2024-03-31,Q1W6P,0.0,0.0,0.0,0.0,0.0,0.0,5150.0,0.0,0.0,0.0,0.0,0.0,0.0,0.0,0.0,0.0,45.0,0.0,0.0,0.0,,5195.0
2024-03-31,Q7H3A,0.0,0.0,0.0,0.0,0.0,0.0,1530.0,0.0,0.0,0.0,0.0,0.0,0.0,0.0,0.0,0.0,0.0,0.0,0.0,0.0,0.0,1530.0
2024-03-31,R0A-X,7120.0,34110.0,9800.0,10680.0,2000.0,3870.0,10120.0,1090.0,19110.0,18170.0,50200.0,5015.0,11820.0,18460.0,52735.0,5930.0,3995.0,20265.0,22215.0,505.0,26405.0,333615.0
2024-03-31,R0B,4170.0,26295.0,3080.0,3480.0,1190.0,2675.0,12920.0,1285.0,10055.0,11900.0,20140.0,3685.0,10430.0,9540.0,5710.0,1295.0,415.0,14585.0,8770.0,650.0,6715.0,158985.0
2024-03-31,R0D,4315.0,27015.0,5560.0,3775.0,1420.0,3840.0,7240.0,1055.0,12765.0,10870.0,29370.0,4820.0,9185.0,8785.0,5470.0,1295.0,480.0,18650.0,11260.0,630.0,8660.0,176460.0
2024-03-31,R0F4N,0.0,,0.0,,365.0,,0.0,,0.0,60.0,85.0,,165.0,,0.0,0.0,0.0,,10.0,0.0,0.0,685.0
2024-03-31,R1A,30.0,285.0,30.0,50.0,800.0,60.0,,,370.0,240.0,80.0,95.0,175.0,315.0,0.0,0.0,0.0,200.0,870.0,50.0,2180.0,5830.0
2024-03-31,R1C,20.0,30.0,,20.0,45.0,45.0,0.0,,100.0,140.0,45.0,40.0,100.0,65.0,0.0,0.0,0.0,250.0,355.0,15.0,0.0,1270.0
2024-03-31,R1D,,10.0,,,0.0,65.0,0.0,0.0,15.0,20.0,440.0,10.0,40.0,10.0,0.0,0.0,0.0,1590.0,25.0,,,2225.0
2024-03-31,R1F-X,1240.0,9955.0,1150.0,980.0,510.0,520.0,2230.0,160.0,2065.0,2315.0,4825.0,690.0,2295.0,1935.0,1290.0,415.0,40.0,5130.0,2130.0,120.0,1880.0,41875.0
2024-03-31,R1G7E,0.0,0.0,0.0,0.0,0.0,0.0,6650.0,0.0,0.0,0.0,0.0,0.0,0.0,0.0,0.0,0.0,85.0,0.0,,0.0,,6735.0
2024-03-31,R1H,5370.0,14830.0,5365.0,3645.0,1105.0,7925.0,3710.0,635.0,19465.0,13845.0,31030.0,3350.0,9765.0,12110.0,19315.0,5385.0,1955.0,16320.0,14925.0,485.0,14400.0,204935.0
2024-03-31,R1K,5580.0,13700.0,6975.0,4800.0,1755.0,2315.0,3595.0,1230.0,11515.0,11835.0,26715.0,4985.0,9065.0,12330.0,10045.0,2000.0,360.0,25985.0,12035.0,460.0,6635.0,173915.0
2024-03-31,R1L,0.0,0.0,0.0,,1620.0,25.0,0.0,0.0,,0.0,0.0,0.0,0.0,0.0,0.0,0.0,,255.0,0.0,0.0,40.0,1940.0
2024-03-31,R5J2A,0.0,0.0,0.0,0.0,0.0,0.0,0.0,0.0,0.0,0.0,0.0,0.0,0.0,0.0,0.0,0.0,0.0,380.0,0.0,0.0,0.0,380.0
2024-03-31,R6E4R,0.0,1085.0,0.0,0.0,0.0,0.0,0.0,0.0,0.0,0.0,0.0,2880.0,0.0,0.0,0.0,0.0,0.0,,0.0,0.0,0.0,3965.0
2024-03-31,R7W2O,0.0,0.0,0.0,,0.0,0.0,4445.0,0.0,,0.0,0.0,0.0,0.0,0.0,0.0,0.0,0.0,0.0,0.0,0.0,0.0,4445.0
2024-03-31,RA2,2100.0,11790.0,2730.0,1325.0,400.0,1000.0,2180.0,740.0,3935.0,5120.0,15570.0,2455.0,5960.0,4010.0,4945.0,1900.0,260.0,10460.0,5805.0,325.0,8500.0,91510.0
2024-03-31,RA7,4895.0,37330.0,4040.0,4360.0,1955.0,2845.0,8385.0,1080.0,10425.0,11800.0,22670.0,3950.0,7115.0,4770.0,14355.0,1850.0,2950.0,20995.0,11820.0,665.0,7790.0,186045.0
2024-03-31,RA9,2310.0,15135.0,2070.0,1185.0,780.0,1745.0,3555.0,340.0,5650.0,5050.0,10615.0,1950.0,4695.0,4665.0,940.0,330.0,140.0,9850.0,5885.0,315.0,1640.0,78845.0
2024-03-31,RAE,2995.0,13335.0,3875.0,2315.0,665.0,1560.0,2305.0,680.0,5000.0,7830.0,13485.0,2475.0,4765.0,7025.0,28645.0,2935.0,420.0,16420.0,5985.0,165.0,8150.0,131030.0
2024-03-31,RAJ,6170.0,40515.0,8385.0,5190.0,1710.0,4780.0,6595.0,915.0,22860.0,17360.0,36860.0,6935.0,17635.0,15870.0,22075.0,3735.0,900.0,38165.0,20285.0,655.0,19850.0,297445.0
2024-03-31,RAL,4115.0,25485.0,5260.0,3770.0,860.0,1845.0,5015.0,595.0,9075.0,8170.0,25165.0,5575.0,7525.0,9835.0,30365.0,3330.0,820.0,13320.0,10595.0,555.0,9475.0,180750.0
2024-03-31,RAN,,2385.0,30.0,30.0,0.0,1905.0,0.0,0.0,10.0,,,110.0,8485.0,145.0,0.0,45.0,600.0,175.0,1250.0,0.0,75.0,15245.0
2024-03-31,RAP,2455.0,6050.0,2285.0,1040.0,475.0,665.0,3945.0,80.0,2720.0,4075.0,9730.0,1235.0,2485.0,4050.0,4500.0,2195.0,145.0,4550.0,2640.0,250.0,4020.0,59590.0
2024-03-31,RAS,2220.0,6175.0,2240.0,1510.0,375.0,955.0,1875.0,80.0,2455.0,4390.0,9095.0,2160.0,5805.0,4160.0,9665.0,1000.0,150.0,6505.0,2910.0,495.0,5455.0,69675.0
2024-03-31,RAT,35.0,20.0,80.0,300.0,1565.0,,,0.0,0.0,,0.0,0.0,0.0,0.0,0.0,0.0,0.0,1420.0,,0.0,40.0,3460.0
2024-03-31,RAX,1705.0,4530.0,980.0,1005.0,485.0,1040.0,3655.0,305.0,3665.0,5050.0,11580.0,1790.0,4485.0,4265.0,13165.0,2255.0,130.0,7355.0,3615.0,400.0,8445.0,79905.0
2024-03-31,RBD,1425.0,6045.0,1460.0,1075.0,415.0,1150.0,4580.0,330.0,3660.0,3635.0,8550.0,1570.0,2985.0,4295.0,2260.0,610.0,130.0,7565.0,4285.0,355.0,2745.0,59125.0
2024-03-31,RBK,2925.0,13545.0,1660.0,2420.0,675.0,990.0,725.0,400.0,4845.0,8395.0,13380.0,2670.0,5370.0,3980.0,15735.0,1430.0,170.0,13840.0,5225.0,510.0,5490.0,104380.0
2024-03-31,RBL,2710.0,12400.0,2975.0,3615.0,1100.0,1285.0,2405.0,590.0,5440.0,9160.0,16145.0,3000.0,6165.0,9340.0,9700.0,1235.0,270.0,12485.0,5670.0,310.0,6760.0,112760.0
2024-03-31,RBN,4610.0,14955.0,3055.0,3750.0,1710.0,2095.0,8270.0,555.0,8600.0,11300.0,24290.0,6000.0,12160.0,9575.0,14860.0,2840.0,305.0,28980.0,14765.0,430.0,7785.0,180890.0
2024-03-31,RBQ,25.0,1245.0,180.0,270.0,,10.0,0.0,0.0,9900.0,730.0,15.0,,25.0,,,0.0,295.0,845.0,285.0,,80.0,13905.0
2024-03-31,RBS,1780.0,4555.0,1295.0,1230.0,150.0,1400.0,595.0,385.0,350.0,4460.0,4890.0,1810.0,1895.0,2780.0,,830.0,3975.0,4265.0,3335.0,155.0,2090.0,42225.0
2024-03-31,RBT,2570.0,6130.0,2380.0,1300.0,1405.0,1245.0,4255.0,440.0,4095.0,5910.0,13100.0,1730.0,5280.0,3810.0,8825.0,975.0,130.0,10195.0,5465.0,220.0,3855.0,83315.0
2024-03-31,RBV,800.0,13360.0,2300.0,1465.0,30.0,330.0,120.0,15.0,545.0,820.0,1785.0,445.0,485.0,1265.0,0.0,0.0,30.0,1100.0,860.0,120.0,1310.0,27185.0
2024-03-31,RC9,5680.0,24695.0,4710.0,3780.0,1265.0,3545.0,5265.0,790.0,9890.0,13535.0,25780.0,5240.0,9475.0,8835.0,20755.0,3230.0,770.0,22525.0,8690.0,410.0,11845.0,190710.0
2024-03-31,RCB,5070.0,21665.0,4855.0,4095.0,1190.0,3390.0,5100.0,1325.0,11220.0,11330.0,23430.0,5240.0,12200.0,9490.0,13375.0,1650.0,280.0,20460.0,9985.0,700.0,12665.0,178715.0
2024-03-31,RCD,1515.0,12190.0,1310.0,1385.0,295.0,585.0,14745.0,220.0,2485.0,3030.0,9075.0,800.0,2960.0,3295.0,2250.0,500.0,95.0,10395.0,2605.0,210.0,4920.0,74865.0
2024-03-31,RCF,2030.0,15690.0,1865.0,1545.0,320.0,715.0,1020.0,210.0,3570.0,4055.0,7720.0,1050.0,2755.0,4825.0,5525.0,635.0,95.0,6780.0,2610.0,220.0,3850.0,67085.0
2024-03-31,RCU,785.0,1895.0,665.0,420.0,145.0,1195.0,320.0,480.0,75.0,2280.0,4410.0,660.0,1650.0,1185.0,0.0,245.0,1630.0,1770.0,2340.0,45.0,2670.0,24865.0
2024-03-31,RCX,2150.0,4635.0,2460.0,1490.0,440.0,1265.0,7430.0,355.0,4555.0,4765.0,10320.0,2205.0,5060.0,4480.0,7515.0,465.0,490.0,11245.0,3185.0,235.0,5135.0,79880.0
2024-03-31,RD1,2945.0,10805.0,3860.0,1775.0,790.0,2060.0,2100.0,505.0,6020.0,6430.0,13495.0,1620.0,6005.0,4205.0,6135.0,1395.0,250.0,14550.0,7875.0,350.0,4785.0,97955.0
2024-03-31,RD8,2800.0,12735.0,1595.0,1835.0,350.0,710.0,1610.0,295.0,2630.0,4715.0,9890.0,1095.0,2660.0,3495.0,5220.0,1125.0,155.0,7775.0,3300.0,200.0,4150.0,68340.0
2024-03-31,RDE,5530.0,44680.0,5385.0,4120.0,1285.0,3935.0,10530.0,920.0,11780.0,13630.0,27005.0,3030.0,10365.0,10585.0,9930.0,4035.0,530.0,22975.0,10240.0,630.0,7875.0,208995.0
2024-03-31,RDR,0.0,0.0,0.0,0.0,0.0,0.0,0.0,0.0,0.0,0.0,0.0,0.0,0.0,0.0,0.0,0.0,0.0,3270.0,0.0,0.0,0.0,3270.0
2024-03-31,RDU,4595.0,16430.0,4490.0,4255.0,1290.0,2495.0,5440.0,755.0,11205.0,11175.0,26115.0,3515.0,10835.0,8405.0,14115.0,3330.0,495.0,12500.0,10330.0,635.0,10900.0,163305.0
2024-03-31,RDY,,10.0,,10.0,320.0,20.0,,0.0,65.0,35.0,10.0,15.0,25.0,15.0,0.0,0.0,0.0,1855.0,155.0,10.0,15.0,2560.0
2024-03-31,REF-X,2540.0,26470.0,3720.0,3680.0,710.0,2835.0,2835.0,390.0,6825.0,6570.0,20290.0,2760.0,6495.0,6380.0,11045.0,1440.0,450.0,11850.0,7430.0,370.0,6910.0,131995.0
2024-03-31,REM,4335.0,13790.0,7455.0,6495.0,1880.0,2755.0,10610.0,685.0,13845.0,14620.0,37925.0,5175.0,12630.0,12415.0,145.0,0.0,510.0,20085.0,12145.0,340.0,5345.0,183185.0
2024-03-31,REN,325.0,3220.0,1415.0,135.0,,275.0,,0.0,140.0,190.0,465.0,80.0,30.0,55.0,0.0,0.0,,130.0,40.0,10.0,135.0,6645.0
2024-03-31,REP,25.0,1320.0,115.0,15.0,10.0,,15.0,0.0,,,45.0,10.0,,4250.0,22940.0,2110.0,205.0,465.0,100.0,10.0,6730.0,38365.0
2024-03-31,RET,10.0,710.0,35.0,20.0,315.0,6280.0,80.0,,895.0,,20.0,10.0,6850.0,105.0,,0.0,160.0,775.0,605.0,0.0,90.0,16960.0
2024-03-31,RF4,4885.0,10660.0,3830.0,3215.0,785.0,2805.0,3185.0,795.0,8505.0,11685.0,20260.0,4690.0,11620.0,11010.0,9900.0,4165.0,540.0,41840.0,8275.0,310.0,5910.0,168870.0
2024-03-31,RFF,1825.0,6165.0,2345.0,2230.0,915.0,1025.0,2630.0,420.0,4840.0,6685.0,12445.0,2335.0,4610.0,3765.0,6060.0,1500.0,140.0,10570.0,5060.0,390.0,3295.0,79250.0
2024-03-31,RFR,2770.0,6335.0,1260.0,1035.0,685.0,955.0,1250.0,345.0,4460.0,6355.0,13460.0,1935.0,4725.0,4545.0,4660.0,1385.0,145.0,11065.0,4525.0,330.0,3355.0,75580.0
2024-03-31,RFS,1675.0,11065.0,1885.0,2555.0,480.0,950.0,1115.0,190.0,3635.0,3845.0,10015.0,2095.0,4505.0,3775.0,5010.0,475.0,145.0,27810.0,3800.0,290.0,3920.0,89235.0
2024-03-31,RGM,85.0,460.0,145.0,875.0,30.0,4655.0,0.0,0.0,10800.0,5005.0,15.0,,75.0,10.0,10.0,0.0,210.0,850.0,315.0,10.0,405.0,23955.0
2024-03-31,RGN,4700.0,20435.0,2910.0,2075.0,870.0,1600.0,2915.0,715.0,7025.0,9920.0,19755.0,3300.0,8075.0,8040.0,8130.0,1780.0,415.0,15070.0,7875.0,365.0,7380.0,133350.0
2024-03-31,RGP,2090.0,7480.0,1985.0,1675.0,510.0,580.0,8435.0,180.0,4195.0,4435.0,8430.0,2815.0,5710.0,3175.0,2860.0,375.0,100.0,7460.0,2635.0,360.0,2640.0,68125.0
2024-03-31,RGR,2315.0,6880.0,1720.0,1210.0,720.0,1065.0,1655.0,355.0,4430.0,4685.0,10565.0,2170.0,3660.0,4145.0,3770.0,830.0,160.0,11160.0,3910.0,475.0,3695.0,69575.0
2024-03-31,RGT,2815.0,35400.0,5970.0,2660.0,825.0,5875.0,4355.0,815.0,6900.0,6665.0,20175.0,1870.0,8980.0,6365.0,7610.0,2295.0,1455.0,11855.0,9855.0,510.0,6430.0,149680.0
2024-03-31,RH5,3985.0,29175.0,5030.0,2825.0,1120.0,2995.0,5435.0,565.0,9320.0,8195.0,19745.0,2590.0,7180.0,8645.0,9370.0,1760.0,305.0,15525.0,8900.0,655.0,7285.0,150605.0
2024-03-31,RH8,4680.0,45360.0,5920.0,4980.0,1405.0,3840.0,8585.0,655.0,9845.0,10270.0,24330.0,5325.0,10455.0,9390.0,9260.0,2310.0,645.0,23835.0,11055.0,865.0,9720.0,202730.0
2024-03-31,RHA,30.0,195.0,,15.0,1520.0,125.0,,,55.0,65.0,40.0,25.0,50.0,40.0,15.0,0.0,,200.0,170.0,10.0,25.0,2580.0
2024-03-31,RHM,3300.0,34250.0,5150.0,2565.0,1490.0,7030.0,7365.0,450.0,11890.0,9765.0,20620.0,2565.0,9655.0,6710.0,6995.0,1355.0,2565.0,18645.0,11205.0,640.0,8455.0,172665.0
2024-03-31,RHQ,4455.0,57545.0,6375.0,5835.0,1800.0,10790.0,8035.0,895.0,18330.0,10665.0,31715.0,6555.0,15705.0,8895.0,20995.0,2595.0,1015.0,21085.0,13665.0,860.0,10415.0,258225.0
2024-03-31,RHU,3830.0,21640.0,4295.0,3685.0,1470.0,1925.0,11655.0,850.0,8835.0,10835.0,19670.0,2505.0,10115.0,8050.0,8290.0,1725.0,415.0,30420.0,8850.0,525.0,6160.0,165745.0
2024-03-31,RHW,3045.0,10380.0,2810.0,3225.0,735.0,1920.0,3870.0,505.0,5480.0,6265.0,14230.0,1805.0,6605.0,5755.0,12210.0,1800.0,320.0,10050.0,5470.0,470.0,8365.0,105315.0
2024-03-31,RJ1-X,2280.0,14985.0,4430.0,5040.0,1415.0,10480.0,4710.0,825.0,20845.0,16065.0,30840.0,4225.0,11890.0,11245.0,10005.0,1685.0,5755.0,19825.0,9295.0,355.0,12000.0,198195.0
2024-03-31,RJ2,4300.0,14565.0,4875.0,2395.0,405.0,1935.0,125.0,705.0,5305.0,9925.0,18440.0,4330.0,5690.0,5665.0,15940.0,3645.0,370.0,18425.0,5665.0,255.0,8480.0,131440.0
2024-03-31,RJ6,1740.0,6045.0,1700.0,1355.0,320.0,720.0,150.0,210.0,2955.0,3550.0,12430.0,1850.0,3940.0,4290.0,4655.0,1325.0,95.0,6270.0,3000.0,245.0,4200.0,61045.0
2024-03-31,RJ7,2140.0,9730.0,3965.0,2265.0,2295.0,8920.0,340.0,650.0,11870.0,5570.0,17395.0,2600.0,4960.0,6710.0,10315.0,1695.0,1510.0,8185.0,9220.0,545.0,8065.0,118945.0
2024-03-31,RJ8,120.0,120.0,15.0,70.0,570.0,100.0,,,610.0,450.0,130.0,155.0,275.0,290.0,0.0,0.0,0.0,1270.0,950.0,95.0,25.0,5245.0
2024-03-31,RJC,2185.0,13095.0,2065.0,1865.0,455.0,1040.0,1995.0,425.0,3770.0,5120.0,11035.0,1520.0,6845.0,5215.0,5755.0,1660.0,140.0,9415.0,3790.0,245.0,3995.0,81630.0
2024-03-31,RJE,5175.0,47445.0,4645.0,5250.0,1390.0,6185.0,3145.0,865.0,15315.0,16105.0,27365.0,5470.0,13770.0,11075.0,23670.0,3195.0,820.0,29465.0,11350.0,1105.0,12180.0,244985.0
2024-03-31,RJL-X,3175.0,11595.0,2260.0,1970.0,720.0,1785.0,10720.0,565.0,8580.0,10640.0,25480.0,1895.0,6375.0,8010.0,6430.0,1785.0,190.0,17820.0,4880.0,310.0,5270.0,130455.0
2024-03-31,RJN,1055.0,2265.0,460.0,335.0,310.0,335.0,1660.0,125.0,1225.0,2795.0,5800.0,430.0,1290.0,1110.0,1300.0,535.0,55.0,2130.0,2000.0,135.0,1060.0,26410.0
2024-03-31,RJR,2745.0,9100.0,1905.0,1285.0,520.0,760.0,4240.0,455.0,5885.0,5360.0,10650.0,2245.0,3250.0,4605.0,7785.0,965.0,200.0,7345.0,4695.0,250.0,5240.0,79485.0
2024-03-31,RJR-X,15.0,25.0,,,,,20.0,0.0,10.0,20.0,50.0,,,15.0,35.0,,0.0,25.0,30.0,,20.0,265.0
2024-03-31,RJZ,3500.0,20770.0,7020.0,6930.0,1060.0,5590.0,7485.0,300.0,12050.0,7030.0,30385.0,3445.0,9305.0,9690.0,16805.0,3585.0,1235.0,12845.0,8970.0,400.0,15800.0,184200.0
2024-03-31,RK5,3140.0,9370.0,2605.0,2305.0,765.0,1805.0,1950.0,385.0,6575.0,7405.0,16060.0,2940.0,4825.0,4900.0,11545.0,1465.0,160.0,14175.0,5010.0,460.0,6015.0,103860.0
2024-03-31,RK9,2625.0,24610.0,3875.0,1905.0,575.0,2790.0,3650.0,640.0,9705.0,7110.0,15150.0,3065.0,5995.0,6960.0,4960.0,1410.0,565.0,25940.0,8770.0,250.0,4895.0,135445.0
2024-03-31,RKB,3715.0,31855.0,3970.0,3650.0,1010.0,5240.0,4095.0,1210.0,9275.0,9305.0,21090.0,5380.0,10535.0,8855.0,14950.0,2655.0,715.0,14445.0,10755.0,340.0,10495.0,173540.0
2024-03-31,RKE,1095.0,6320.0,3865.0,1245.0,375.0,505.0,115.0,35.0,1090.0,2250.0,8960.0,935.0,2085.0,2350.0,4270.0,1650.0,95.0,2800.0,2180.0,175.0,2665.0,45060.0
2024-03-31,RL1,,475.0,,15.0,10.0,1345.0,0.0,0.0,25.0,10.0,,100.0,9210.0,30.0,0.0,,210.0,125.0,1670.0,0.0,45.0,13270.0
2024-03-31,RL4,3400.0,25600.0,3800.0,2730.0,1155.0,2975.0,5395.0,915.0,10705.0,9140.0,20285.0,2925.0,17450.0,7540.0,13555.0,2170.0,530.0,22460.0,11490.0,490.0,7065.0,171775.0
2024-03-31,RLQ,1665.0,6070.0,1600.0,1490.0,460.0,1035.0,2110.0,315.0,4035.0,4130.0,8530.0,1910.0,4010.0,3905.0,3390.0,705.0,170.0,8135.0,3555.0,110.0,3845.0,61175.0
2024-03-31,RLT,1445.0,3260.0,1040.0,1140.0,635.0,685.0,660.0,95.0,3095.0,4115.0,8660.0,1530.0,3885.0,4855.0,2990.0,595.0,35.0,8825.0,3000.0,100.0,2690.0,53335.0
2024-03-31,RLY,0.0,0.0,0.0,0.0,650.0,55.0,0.0,0.0,0.0,0.0,0.0,0.0,0.0,0.0,0.0,0.0,0.0,385.0,0.0,0.0,515.0,1605.0
2024-03-31,RM1,2695.0,47790.0,5335.0,3610.0,940.0,3350.0,3445.0,525.0,11900.0,7720.0,20460.0,2870.0,9830.0,7650.0,13370.0,1215.0,915.0,12760.0,8785.0,565.0,6860.0,172590.0
2024-03-31,RM3,7240.0,25255.0,9025.0,6555.0,2035.0,12120.0,3460.0,1240.0,15065.0,18640.0,36645.0,5410.0,18050.0,12320.0,5375.0,1045.0,435.0,29785.0,13095.0,775.0,6375.0,229945.0
2024-03-31,RMC,3055.0,7075.0,1330.0,915.0,575.0,1105.0,2940.0,365.0,3700.0,7155.0,11180.0,1645.0,2745.0,3805.0,14565.0,1695.0,235.0,6335.0,3830.0,295.0,6125.0,80670.0
2024-03-31,RMP,1945.0,2690.0,1220.0,1280.0,675.0,830.0,35.0,275.0,4080.0,7160.0,11175.0,1920.0,4005.0,3160.0,3555.0,810.0,70.0,7740.0,3230.0,95.0,2585.0,58535.0
2024-03-31,RN3,3020.0,17930.0,2155.0,2460.0,1090.0,2030.0,1870.0,405.0,6065.0,7070.0,14285.0,2115.0,5480.0,5535.0,8520.0,1340.0,240.0,10535.0,5665.0,375.0,5305.0,103490.0
2024-03-31,RN5-X,3200.0,9225.0,2645.0,2700.0,965.0,2670.0,6630.0,505.0,7145.0,8880.0,19545.0,2770.0,9840.0,8115.0,8330.0,2495.0,295.0,15955.0,7055.0,595.0,5105.0,124665.0
2024-03-31,RN7-X,2660.0,15450.0,3370.0,1675.0,540.0,1370.0,145.0,240.0,4090.0,7455.0,14335.0,1905.0,5855.0,6235.0,8615.0,2340.0,310.0,8920.0,3290.0,170.0,5465.0,94435.0
2024-03-31,RNA,2375.0,10495.0,3000.0,3580.0,585.0,2285.0,8770.0,365.0,8435.0,9780.0,16505.0,4060.0,10415.0,5820.0,17875.0,1280.0,320.0,18625.0,5105.0,185.0,6915.0,136775.0
2024-03-31,RNN,2655.0,6040.0,1850.0,2640.0,505.0,1345.0,2405.0,380.0,6990.0,6645.0,14005.0,1285.0,3820.0,4065.0,3670.0,1540.0,185.0,5705.0,4330.0,485.0,3765.0,74310.0
2024-03-31,RNQ,2010.0,12555.0,3050.0,3395.0,660.0,1355.0,3055.0,325.0,6220.0,7730.0,13195.0,1865.0,4070.0,4750.0,8525.0,1110.0,145.0,11630.0,3805.0,185.0,4230.0,93865.0
2024-03-31,RNS,3235.0,18580.0,4140.0,3850.0,830.0,2350.0,2480.0,505.0,6350.0,8415.0,14660.0,2095.0,5960.0,6515.0,14360.0,2040.0,310.0,12625.0,6485.0,355.0,6600.0,122740.0
2024-03-31,RNU,0.0,0.0,0.0,0.0,,0.0,0.0,0.0,0.0,0.0,0.0,0.0,0.0,0.0,0.0,0.0,0.0,1335.0,0.0,0.0,0.0,1335.0
2024-03-31,RNZ,1685.0,6115.0,890.0,1105.0,300.0,1200.0,1770.0,315.0,3350.0,4145.0,9375.0,1945.0,3475.0,3590.0,2835.0,425.0,370.0,7630.0,4575.0,200.0,3165.0,58460.0
2024-03-31,RP1,0.0,0.0,0.0,0.0,25.0,,0.0,0.0,0.0,0.0,0.0,0.0,0.0,0.0,0.0,0.0,0.0,110.0,0.0,0.0,0.0,135.0
2024-03-31,RP4,215.0,7475.0,1335.0,3005.0,40.0,3990.0,670.0,390.0,1350.0,1400.0,3545.0,620.0,4750.0,4105.0,0.0,280.0,6445.0,2575.0,2285.0,15.0,2175.0,46665.0
2024-03-31,RP5,3570.0,9915.0,2330.0,3200.0,735.0,1980.0,11030.0,565.0,6650.0,9395.0,21615.0,2365.0,10650.0,6735.0,8165.0,2995.0,250.0,13905.0,7775.0,290.0,6435.0,130550.0
2024-03-31,RP6,,1245.0,,25.0,,15.0,37015.0,,,,0.0,185.0,,,0.0,0.0,460.0,25.0,745.0,0.0,220.0,39935.0
2024-03-31,RPA,2510.0,7405.0,2890.0,1835.0,695.0,1370.0,90.0,435.0,4495.0,6565.0,11600.0,1320.0,7065.0,5140.0,6125.0,1195.0,260.0,9310.0,4275.0,180.0,5110.0,79870.0
2024-03-31,RPC,30.0,5180.0,,25.0,50.0,1340.0,2590.0,20.0,35.0,65.0,2170.0,1925.0,750.0,70.0,,,125.0,225.0,6065.0,0.0,645.0,21310.0
2024-03-31,RPG,0.0,0.0,0.0,0.0,85.0,,0.0,0.0,,0.0,0.0,0.0,0.0,0.0,0.0,0.0,0.0,1155.0,0.0,0.0,,1240.0
2024-03-31,RPY,755.0,17370.0,1165.0,545.0,30.0,85.0,,,270.0,370.0,2235.0,150.0,180.0,920.0,0.0,0.0,15.0,1220.0,410.0,70.0,1925.0,27715.0
2024-03-31,RQ3,1945.0,5870.0,2375.0,1470.0,225.0,1725.0,470.0,715.0,560.0,3925.0,5070.0,910.0,1480.0,3370.0,9985.0,2230.0,4940.0,3790.0,3370.0,150.0,7040.0,61615.0
2024-03-31,RQM,5300.0,9815.0,5800.0,4950.0,990.0,2090.0,1285.0,450.0,8185.0,9390.0,25675.0,5605.0,10890.0,13470.0,15695.0,6365.0,1315.0,18350.0,10825.0,540.0,7705.0,164690.0
2024-03-31,RQW,1610.0,8080.0,1920.0,1685.0,500.0,745.0,1275.0,245.0,3930.0,4285.0,6640.0,1235.0,5240.0,4225.0,5470.0,1015.0,115.0,8670.0,3125.0,135.0,5040.0,65185.0
2024-03-31,RQX,1560.0,2590.0,3225.0,930.0,240.0,540.0,150.0,225.0,1840.0,3635.0,12850.0,1275.0,2305.0,3070.0,16445.0,2475.0,230.0,7560.0,2660.0,175.0,7585.0,71565.0
2024-03-31,RQY,0.0,0.0,0.0,0.0,340.0,,0.0,0.0,0.0,,,0.0,0.0,0.0,0.0,0.0,0.0,,0.0,0.0,10.0,350.0
2024-03-31,RR7-X,1545.0,13995.0,2200.0,1880.0,605.0,685.0,30.0,120.0,3760.0,5005.0,10470.0,1345.0,5445.0,4225.0,2715.0,1415.0,60.0,5870.0,3400.0,270.0,2240.0,67280.0
2024-03-31,RR8,3880.0,18040.0,3300.0,3200.0,1415.0,5005.0,5420.0,530.0,14850.0,10945.0,19340.0,4090.0,14255.0,10165.0,11120.0,3105.0,3895.0,9290.0,13350.0,680.0,9055.0,164930.0
2024-03-31,RRE,300.0,315.0,215.0,255.0,1685.0,450.0,15.0,25.0,595.0,1805.0,1570.0,355.0,2730.0,785.0,,0.0,,2390.0,655.0,215.0,245.0,14605.0
2024-03-31,RRF,1875.0,5785.0,2675.0,2780.0,625.0,1560.0,1345.0,285.0,5740.0,5875.0,14825.0,2095.0,12945.0,3690.0,2720.0,770.0,210.0,8545.0,5755.0,160.0,3200.0,83460.0
2024-03-31,RRJ,0.0,1950.0,45.0,,10.0,1260.0,0.0,0.0,,,0.0,40.0,9710.0,,0.0,0.0,100.0,15.0,1275.0,0.0,70.0,14475.0
2024-03-31,RRK-X,11030.0,49995.0,7420.0,10220.0,2675.0,6975.0,17330.0,1600.0,24705.0,28910.0,49860.0,10890.0,16850.0,22240.0,16620.0,2620.0,1210.0,52400.0,20720.0,1450.0,15025.0,370745.0
2024-03-31,RRV,1745.0,56900.0,6795.0,4290.0,1000.0,12410.0,270.0,1180.0,3680.0,5910.0,25430.0,1965.0,7920.0,5995.0,13420.0,2585.0,1125.0,17190.0,4940.0,430.0,7075.0,182255.0
2024-03-31,RT5,35.0,115.0,,40.0,905.0,80.0,,,460.0,230.0,130.0,85.0,345.0,160.0,0.0,0.0,0.0,2160.0,610.0,15.0,130.0,5500.0
2024-03-31,RTD,4345.0,47945.0,6145.0,5285.0,1020.0,8095.0,9790.0,1315.0,15220.0,12070.0,29875.0,5975.0,15900.0,14900.0,7845.0,3175.0,2745.0,18745.0,14820.0,530.0,10775.0,236515.0
2024-03-31,RTE,3445.0,24865.0,4320.0,4015.0,910.0,3445.0,4580.0,775.0,9235.0,9405.0,23260.0,2610.0,9310.0,7775.0,14195.0,1740.0,410.0,20675.0,9020.0,345.0,10165.0,164500.0
2024-03-31,RTF,4650.0,24755.0,2255.0,2185.0,1640.0,3565.0,380.0,495.0,9360.0,9965.0,20860.0,4910.0,14905.0,7170.0,19830.0,1290.0,210.0,19865.0,11385.0,765.0,6990.0,167430.0
2024-03-31,RTG,5690.0,47365.0,4210.0,6030.0,1600.0,4875.0,8745.0,1680.0,12160.0,12395.0,31280.0,8495.0,17305.0,11040.0,19640.0,2885.0,785.0,24710.0,14925.0,905.0,12035.0,248755.0
2024-03-31,RTH,5125.0,23960.0,4900.0,4735.0,1255.0,5865.0,5815.0,990.0,15300.0,14660.0,27975.0,4305.0,11005.0,12175.0,11605.0,2715.0,2210.0,23760.0,15600.0,740.0,12350.0,207045.0
2024-03-31,RTK,2075.0,13520.0,2540.0,3445.0,510.0,2030.0,3430.0,240.0,5800.0,5660.0,15240.0,2945.0,6510.0,5340.0,4470.0,1695.0,195.0,16150.0,4320.0,185.0,10790.0,107090.0
2024-03-31,RTP,2385.0,6110.0,1790.0,1230.0,845.0,1150.0,4360.0,890.0,5030.0,6705.0,17595.0,4445.0,4525.0,6805.0,6860.0,2335.0,265.0,14765.0,6400.0,360.0,8365.0,103215.0
2024-03-31,RTQ,40.0,100.0,,25.0,25.0,30.0,0.0,,210.0,215.0,50.0,60.0,120.0,125.0,0.0,0.0,0.0,395.0,470.0,,,1865.0
2024-03-31,RTR,3970.0,29330.0,3325.0,3520.0,860.0,4775.0,4635.0,940.0,11045.0,11010.0,20005.0,5490.0,11270.0,8080.0,19945.0,1350.0,790.0,14825.0,8795.0,440.0,9590.0,173990.0
2024-03-31,RTX,3080.0,15390.0,1670.0,1710.0,775.0,1850.0,2485.0,550.0,5660.0,6950.0,15580.0,1925.0,7845.0,6350.0,4860.0,935.0,245.0,12755.0,5905.0,295.0,5815.0,102630.0
2024-03-31,RV3,,,0.0,,3760.0,20.0,0.0,0.0,,0.0,,0.0,,0.0,,0.0,0.0,2715.0,0.0,0.0,75.0,6570.0
2024-03-31,RV9,,20.0,,,1095.0,15.0,0.0,0.0,15.0,15.0,,10.0,45.0,10.0,0.0,0.0,0.0,395.0,135.0,0.0,0.0,1755.0
2024-03-31,RVJ-X,2305.0,16335.0,5755.0,2340.0,1330.0,5410.0,175.0,195.0,7680.0,6215.0,16835.0,5225.0,8735.0,13070.0,17900.0,2175.0,445.0,21655.0,11195.0,480.0,9515.0,154970.0
2024-03-31,RVN,0.0,,,,1490.0,,0.0,0.0,,0.0,,0.0,0.0,,,0.0,,190.0,0.0,,25.0,1705.0
2024-03-31,RVR-X,1730.0,4005.0,1340.0,1055.0,425.0,900.0,3800.0,280.0,3945.0,5170.0,14510.0,1430.0,9105.0,6395.0,5620.0,2380.0,305.0,6615.0,4580.0,275.0,4430.0,78295.0
2024-03-31,RVV,2895.0,18805.0,3375.0,2640.0,785.0,2435.0,3210.0,955.0,11660.0,10960.0,20800.0,4070.0,9540.0,12500.0,9880.0,1770.0,440.0,14675.0,12125.0,390.0,6970.0,150880.0
2024-03-31,RVW,3725.0,11795.0,2920.0,2895.0,820.0,1140.0,105.0,220.0,5115.0,8325.0,15310.0,1935.0,9110.0,5945.0,4825.0,905.0,155.0,11415.0,4255.0,365.0,4565.0,95845.0
2024-03-31,RVY,385.0,1200.0,490.0,385.0,140.0,185.0,225.0,35.0,720.0,900.0,1905.0,265.0,995.0,740.0,650.0,225.0,,1445.0,810.0,45.0,740.0,12485.0
2024-03-31,RW1,125.0,310.0,395.0,160.0,1090.0,100.0,,,295.0,460.0,1205.0,100.0,300.0,185.0,0.0,0.0,,3740.0,390.0,70.0,140.0,9065.0
2024-03-31,RW5,0.0,0.0,0.0,0.0,850.0,35.0,0.0,0.0,0.0,0.0,0.0,0.0,0.0,0.0,0.0,0.0,,560.0,,,,1445.0
2024-03-31,RWA,3515.0,33540.0,3730.0,4100.0,1100.0,4340.0,6040.0,1090.0,12195.0,10945.0,23665.0,3550.0,9390.0,8105.0,9185.0,3010.0,685.0,11480.0,10655.0,420.0,8205.0,168945.0
2024-03-31,RWD,3570.0,34280.0,3410.0,3505.0,800.0,2610.0,2510.0,365.0,8860.0,9545.0,17615.0,2155.0,7460.0,7220.0,8450.0,2455.0,265.0,14230.0,8075.0,340.0,5785.0,143505.0
2024-03-31,RWE,4910.0,43340.0,5910.0,5455.0,2940.0,5050.0,6965.0,1390.0,15730.0,16595.0,38805.0,4575.0,12860.0,15340.0,26750.0,3520.0,2050.0,33105.0,14495.0,600.0,19320.0,279705.0
2024-03-31,RWF,3105.0,10785.0,3260.0,3855.0,1645.0,2440.0,6655.0,650.0,8025.0,9395.0,21085.0,4300.0,13330.0,7910.0,7645.0,1890.0,395.0,28735.0,10530.0,485.0,7780.0,153900.0
2024-03-31,RWG,2655.0,11155.0,2905.0,2220.0,995.0,1310.0,1155.0,395.0,6070.0,7065.0,17715.0,2785.0,7305.0,6200.0,5885.0,1370.0,290.0,15090.0,6205.0,510.0,5625.0,104905.0
2024-03-31,RWH,2000.0,42250.0,2795.0,2710.0,570.0,2100.0,3340.0,770.0,6100.0,7640.0,15450.0,3645.0,6100.0,7560.0,6330.0,1955.0,425.0,7015.0,7475.0,305.0,5485.0,132020.0
2024-03-31,RWJ,2715.0,6145.0,2150.0,1445.0,835.0,1650.0,4520.0,400.0,4740.0,7310.0,13505.0,1475.0,8485.0,5670.0,6775.0,950.0,225.0,7485.0,4815.0,165.0,5320.0,86780.0
2024-03-31,RWK,0.0,0.0,0.0,,3595.0,,,,0.0,0.0,,,0.0,0.0,0.0,0.0,0.0,990.0,,0.0,60.0,4645.0
2024-03-31,RWP-X,3305.0,36045.0,4015.0,3115.0,625.0,1905.0,4845.0,570.0,9650.0,9320.0,21470.0,3970.0,6480.0,9095.0,8575.0,1620.0,280.0,14535.0,7095.0,370.0,6645.0,153530.0
2024-03-31,RWR,0.0,0.0,0.0,,880.0,55.0,0.0,0.0,0.0,0.0,0.0,0.0,0.0,0.0,0.0,0.0,,250.0,0.0,0.0,,1185.0
2024-03-31,RWW,2340.0,5340.0,1640.0,2310.0,475.0,830.0,4490.0,280.0,3475.0,4870.0,10255.0,1060.0,3995.0,3215.0,4070.0,1505.0,140.0,5035.0,3340.0,285.0,2785.0,61735.0
2024-03-31,RWX,25.0,110.0,,35.0,660.0,75.0,,,135.0,145.0,60.0,35.0,170.0,80.0,0.0,0.0,0.0,610.0,490.0,15.0,,2645.0
2024-03-31,RWY,2685.0,18125.0,3590.0,3195.0,805.0,1580.0,2975.0,450.0,6710.0,8910.0,18570.0,2355.0,6705.0,6920.0,7685.0,2045.0,420.0,8285.0,6305.0,330.0,5485.0,114130.0
2024-03-31,RX1,6445.0,55445.0,7705.0,3525.0,1295.0,5990.0,7135.0,1530.0,11390.0,13930.0,28575.0,5440.0,14815.0,9430.0,22440.0,3325.0,1915.0,24560.0,15220.0,850.0,19995.0,260955.0
2024-03-31,RX2,0.0,0.0,0.0,0.0,125.0,0.0,0.0,0.0,0.0,0.0,0.0,0.0,0.0,0.0,0.0,0.0,0.0,3830.0,0.0,0.0,0.0,3955.0
2024-03-31,RX4,0.0,,0.0,,,20.0,0.0,0.0,50.0,0.0,0.0,0.0,,0.0,0.0,0.0,,,30.0,0.0,,100.0
2024-03-31,RXC,3285.0,19505.0,3895.0,2295.0,610.0,2275.0,5135.0,410.0,7770.0,7340.0,16675.0,2100.0,8775.0,5325.0,4340.0,880.0,380.0,12805.0,7340.0,415.0,3920.0,115475.0
2024-03-31,RXE,,150.0,0.0,,795.0,30.0,,0.0,15.0,25.0,,,70.0,,,0.0,0.0,330.0,235.0,,,1650.0
2024-03-31,RXF-X,3635.0,19080.0,3675.0,3640.0,985.0,2665.0,2500.0,625.0,6760.0,11120.0,17640.0,3875.0,8310.0,8035.0,13385.0,2230.0,310.0,13015.0,12620.0,540.0,8580.0,143225.0
2024-03-31,RXK-X,2650.0,7515.0,5960.0,2670.0,765.0,2195.0,7205.0,460.0,6130.0,8850.0,7945.0,3545.0,8515.0,5235.0,8130.0,2695.0,305.0,7690.0,6105.0,175.0,4935.0,99675.0
2024-03-31,RXL,3430.0,29315.0,2980.0,1840.0,750.0,1240.0,4210.0,805.0,9755.0,8115.0,14280.0,3715.0,3755.0,5165.0,4780.0,1295.0,165.0,13205.0,5010.0,225.0,3430.0,117465.0
2024-03-31,RXM,0.0,0.0,0.0,0.0,1150.0,80.0,0.0,0.0,0.0,0.0,0.0,0.0,0.0,,0.0,,0.0,30.0,0.0,0.0,15.0,1275.0
2024-03-31,RXN,4725.0,12890.0,2700.0,2850.0,845.0,4675.0,3660.0,800.0,9080.0,9850.0,14480.0,3310.0,6610.0,7675.0,17580.0,2310.0,470.0,14245.0,10985.0,435.0,7105.0,137280.0
2024-03-31,RXP,4115.0,19690.0,2685.0,3730.0,1120.0,2050.0,2415.0,840.0,6830.0,10975.0,22080.0,3950.0,5775.0,4695.0,7885.0,2060.0,265.0,17325.0,8375.0,330.0,4875.0,132065.0
2024-03-31,RXQ,2870.0,15675.0,3150.0,2350.0,600.0,2075.0,5870.0,330.0,5455.0,5930.0,11970.0,4755.0,8530.0,5605.0,12945.0,1230.0,260.0,15015.0,8535.0,340.0,7730.0,121220.0
2024-03-31,RXR,2625.0,11280.0,3045.0,1920.0,555.0,1125.0,2935.0,480.0,5320.0,6825.0,18020.0,2010.0,4900.0,5375.0,6785.0,2460.0,315.0,30755.0,5375.0,195.0,6530.0,118830.0
2024-03-31,RXW,3955.0,31025.0,3140.0,4035.0,655.0,1465.0,3020.0,410.0,8975.0,10610.0,23290.0,2360.0,3535.0,8415.0,5505.0,1475.0,420.0,16250.0,5540.0,260.0,5355.0,139695.0
2024-03-31,RXX,0.0,0.0,0.0,0.0,600.0,10.0,0.0,0.0,0.0,0.0,0.0,0.0,0.0,0.0,0.0,0.0,,40.0,0.0,0.0,,650.0
2024-03-31,RY3,40.0,285.0,10.0,55.0,40.0,205.0,,,255.0,125.0,75.0,60.0,190.0,90.0,,0.0,,245.0,600.0,15.0,525.0,2815.0
2024-03-31,RY4,0.0,0.0,0.0,0.0,0.0,0.0,0.0,0.0,0.0,0.0,0.0,0.0,0.0,0.0,0.0,0.0,0.0,895.0,0.0,0.0,0.0,895.0
2024-03-31,RY5,,15.0,0.0,,0.0,,0.0,0.0,25.0,10.0,,,15.0,10.0,0.0,0.0,0.0,25.0,70.0,,,170.0
2024-03-31,RY5-X,45.0,125.0,,20.0,15.0,25.0,,,195.0,105.0,40.0,30.0,100.0,80.0,0.0,0.0,,310.0,550.0,15.0,25.0,1680.0
2024-03-31,RY8,30.0,55.0,,75.0,55.0,150.0,,0.0,105.0,175.0,45.0,135.0,675.0,55.0,0.0,0.0,,155.0,330.0,30.0,670.0,2740.0
2024-03-31,RY9,0.0,0.0,0.0,0.0,0.0,0.0,0.0,0.0,0.0,0.0,0.0,0.0,0.0,0.0,0.0,0.0,0.0,135.0,0.0,0.0,0.0,135.0
2024-03-31,RYJ,4050.0,40225.0,10290.0,5945.0,325.0,11840.0,6300.0,640.0,13425.0,8780.0,20095.0,2775.0,8695.0,10500.0,30135.0,4355.0,975.0,14890.0,9115.0,680.0,16970.0,221005.0
2024-03-31,RYR-X,6265.0,33330.0,6625.0,6330.0,1765.0,6315.0,9385.0,1250.0,18300.0,15585.0,39965.0,6475.0,15070.0,13805.0,15270.0,4065.0,1215.0,34805.0,21010.0,810.0,12100.0,269740.0
2024-03-31,RYW,0.0,0.0,0.0,0.0,0.0,0.0,0.0,0.0,0.0,0.0,0.0,0.0,0.0,0.0,0.0,0.0,0.0,5485.0,0.0,0.0,0.0,5485.0
2024-03-31,RYY,0.0,0.0,0.0,0.0,0.0,0.0,0.0,0.0,0.0,0.0,0.0,0.0,0.0,0.0,0.0,0.0,0.0,2130.0,0.0,0.0,0.0,2130.0
2024-03-31,S0L9O,0.0,0.0,0.0,0.0,0.0,0.0,,0.0,0.0,0.0,0.0,0.0,0.0,0.0,0.0,0.0,0.0,0.0,0.0,0.0,0.0,0.0
2024-03-31,S1Z4X,0.0,0.0,0.0,0.0,0.0,0.0,2280.0,0.0,0.0,0.0,0.0,0.0,0.0,0.0,0.0,0.0,0.0,0.0,0.0,0.0,0.0,2280.0
2024-03-31,T8R5I,0.0,0.0,0.0,0.0,0.0,0.0,6085.0,0.0,0.0,0.0,0.0,0.0,0.0,0.0,0.0,0.0,195.0,0.0,15.0,0.0,20.0,6315.0
2024-03-31,T8V3L,0.0,0.0,0.0,0.0,0.0,0.0,3415.0,0.0,0.0,0.0,0.0,0.0,0.0,0.0,0.0,0.0,45.0,0.0,0.0,0.0,,3460.0
2024-03-31,TAD,0.0,0.0,0.0,,590.0,10.0,0.0,0.0,0.0,0.0,,0.0,0.0,0.0,0.0,0.0,,210.0,0.0,0.0,0.0,810.0
2024-03-31,U1Y1V,0.0,0.0,0.0,0.0,0.0,0.0,790.0,0.0,0.0,0.0,0.0,0.0,0.0,0.0,0.0,0.0,0.0,0.0,0.0,0.0,0.0,790.0
2024-03-31,U3S8Q,0.0,0.0,0.0,0.0,0.0,0.0,95.0,0.0,0.0,0.0,0.0,0.0,0.0,0.0,0.0,0.0,0.0,0.0,0.0,0.0,0.0,95.0
2024-03-31,U4H3N,0.0,0.0,0.0,0.0,0.0,0.0,260.0,0.0,0.0,0.0,0.0,0.0,0.0,0.0,0.0,0.0,0.0,0.0,0.0,0.0,0.0,260.0
2024-03-31,U6E3R,0.0,0.0,0.0,0.0,0.0,0.0,1080.0,0.0,0.0,0.0,0.0,0.0,0.0,0.0,0.0,0.0,0.0,0.0,0.0,0.0,0.0,1080.0
2024-03-31,U8P2Z,0.0,635.0,0.0,0.0,0.0,0.0,0.0,0.0,0.0,0.0,0.0,1830.0,0.0,0.0,0.0,0.0,0.0,0.0,0.0,0.0,0.0,2465.0
2024-03-31,U9C3Y,0.0,0.0,0.0,0.0,0.0,0.0,0.0,0.0,,0.0,0.0,0.0,0.0,0.0,0.0,0.0,0.0,0.0,0.0,0.0,0.0,0.0
2024-03-31,V4U1Y,0.0,0.0,0.0,0.0,0.0,0.0,4390.0,0.0,0.0,0.0,0.0,0.0,0.0,0.0,0.0,0.0,30.0,0.0,0.0,0.0,,4420.0
2024-03-31,V5F1D,0.0,0.0,0.0,0.0,0.0,0.0,1435.0,0.0,0.0,0.0,0.0,0.0,0.0,0.0,0.0,0.0,15.0,0.0,0.0,0.0,0.0,1450.0
2024-03-31,V9C4Q,0.0,0.0,0.0,0.0,0.0,0.0,725.0,0.0,0.0,0.0,0.0,0.0,0.0,0.0,0.0,0.0,0.0,0.0,0.0,0.0,0.0,725.0
2024-03-31,W1O5A,0.0,0.0,0.0,0.0,0.0,0.0,1505.0,0.0,0.0,0.0,0.0,0.0,0.0,0.0,0.0,0.0,0.0,0.0,0.0,0.0,0.0,1505.0
2024-03-31,X9U9R,0.0,0.0,0.0,0.0,0.0,0.0,1765.0,0.0,0.0,0.0,0.0,0.0,0.0,0.0,0.0,0.0,0.0,0.0,0.0,0.0,0.0,1765.0
2024-03-31,Y4Z7I,0.0,235.0,0.0,0.0,0.0,0.0,0.0,0.0,0.0,0.0,0.0,695.0,0.0,0.0,0.0,0.0,0.0,0.0,0.0,0.0,0.0,930.0
2024-03-31,Y56,56390.0,312710.0,82320.0,58915.0,22940.0,79625.0,107540.0,9585.0,142160.0,136170.0,362460.0,56100.0,148190.0,143830.0,238065.0,51370.0,24775.0,258100.0,129935.0,7005.0,153355.0,2581540.0
2024-03-31,Y58,40405.0,286490.0,48960.0,35555.0,15410.0,38380.0,101220.0,7265.0,102235.0,97745.0,234915.0,40045.0,105105.0,90140.0,107255.0,18075.0,7610.0,216520.0,109995.0,5985.0,83730.0,1793040.0
2024-03-31,Y59,55210.0,290645.0,59625.0,49870.0,19190.0,49635.0,143820.0,10495.0,139430.0,147920.0,329800.0,63385.0,182310.0,128935.0,146155.0,34155.0,11200.0,301725.0,152750.0,7595.0,132750.0,2456600.0
2024-03-31,Y60,77825.0,524115.0,78715.0,75560.0,27650.0,66505.0,200285.0,14825.0,183675.0,212400.0,426265.0,78750.0,242550.0,169815.0,265765.0,42525.0,17355.0,400155.0,176670.0,9910.0,176265.0,3467580.0
2024-03-31,Y61,43460.0,290470.0,48500.0,35255.0,14905.0,37905.0,126005.0,7335.0,113635.0,112235.0,239455.0,39565.0,121870.0,93735.0,118900.0,23425.0,8280.0,197580.0,97360.0,5385.0,93755.0,1869015.0
2024-03-31,Y62,61800.0,240835.0,62435.0,54665.0,18580.0,51225.0,172220.0,10085.0,138575.0,158630.0,342485.0,52095.0,172525.0,129225.0,190060.0,29430.0,13355.0,249875.0,135115.0,5455.0,118515.0,2407185.0
2024-03-31,Y63,70660.0,424865.0,65705.0,63140.0,21940.0,64645.0,187540.0,14200.0,173710.0,188930.0,410440.0,69935.0,213280.0,153015.0,207605.0,38720.0,15045.0,283370.0,166945.0,9230.0,142085.0,2985005.0
2024-03-31,Y7M2R,0.0,0.0,0.0,0.0,65.0,0.0,0.0,0.0,0.0,0.0,0.0,0.0,0.0,0.0,0.0,0.0,0.0,0.0,0.0,0.0,0.0,65.0
2024-03-31,Y8L9S,0.0,0.0,0.0,0.0,0.0,0.0,4825.0,0.0,0.0,0.0,0.0,0.0,0.0,0.0,0.0,0.0,80.0,0.0,0.0,0.0,,4905.0
2024-03-31,Z4F8Y,0.0,0.0,0.0,0.0,0.0,0.0,35.0,0.0,0.0,0.0,0.0,0.0,0.0,0.0,0.0,0.0,0.0,0.0,0.0,0.0,0.0,35.0
2024-03-31,Z5J5V,0.0,0.0,0.0,0.0,0.0,0.0,135.0,0.0,0.0,0.0,0.0,0.0,0.0,0.0,0.0,0.0,0.0,0.0,0.0,0.0,0.0,135.0
2024-03-31,Z9G5F,0.0,0.0,0.0,0.0,0.0,0.0,565.0,0.0,0.0,0.0,0.0,0.0,0.0,0.0,0.0,0.0,0.0,0.0,0.0,0.0,0.0,565.0
2024-03-31,Z9Z1G,0.0,0.0,0.0,0.0,0.0,0.0,5935.0,0.0,0.0,0.0,0.0,0.0,0.0,0.0,0.0,0.0,135.0,0.0,,0.0,10.0,6080.0
